add(X8,div(div(sin(X7),mul(div(sin(cos(div(mul(mul(sin(div(mul(cos(X6),sin(X3)),div(sub(X3,div(cos(cos(X8)),X8)),X2))),X6),X6),X7))),X2),X8)),sin(X6)))
add(X8,div(div(sin(X7),mul(div(sin(mul(sub(cos(div(X6,sin(X6))),div(div(sin(X8),X8),cos(div(mul(sin(X8),add(X5,sub(div(X2,X7),X1))),sub(X7,add(X7,X7)))))),sub(div(mul(div(div(sin(X8),sin(X6)),X8),sin(X8)),X3),add(add(mul(div(X3,sin(X8)),X5),X6),X7)))),X6),X8)),sin(sin(X6))))
add(X8,div(div(sin(X7),mul(div(sin(cos(div(X8,div(sin(X1),X8)))),X6),X8)),sin(X6)))
add(X8,div(div(sin(X7),mul(div(sin(cos(div(mul(sin(cos(div(cos(X8),X3))),div(X8,cos(X2))),X8))),X2),X8)),sin(X6)))
add(X8,div(div(sin(X7),mul(div(sin(cos(div(mul(sin(div(mul(sub(mul(X6,X8),div(sin(X8),X5)),sin(X3)),div(sub(X3,div(cos(cos(X8)),X8)),div(X3,mul(X4,X4))))),div(X8,sin(X8))),X7))),X2),X8)),sin(X6)))
add(X8,div(div(div(sin(X7),mul(div(sin(cos(div(mul(sin(div(mul(sub(mul(X4,X8),div(sin(X8),mul(X3,X6))),sin(X1)),div(sub(X3,div(cos(cos(X8)),X8)),X2))),X5),X7))),X2),X8)),mul(div(sin(cos(div(mul(sin(add(add(sub(div(X4,X7),X5),X4),sub(X7,cos(X2)))),X8),X8))),X2),X8)),sin(X6)))
add(X8,div(div(sin(X7),mul(div(sin(cos(div(X4,X8))),X2),add(mul(cos(X7),X7),X8))),sin(X6)))
add(X8,div(div(div(sin(X7),mul(div(sin(cos(div(mul(sin(div(mul(sub(mul(X4,X8),div(sin(X8),mul(X3,X6))),sin(X3)),div(sub(X3,div(cos(cos(X8)),X8)),X2))),X6),X7))),X2),X8)),mul(div(sin(cos(div(mul(sin(add(add(sub(div(X4,X7),X2),X4),sub(X6,cos(X2)))),X6),X8))),X2),X8)),sin(X6)))
add(X8,div(div(div(sin(X7),mul(div(sin(cos(div(X7,X8))),X5),X8)),mul(div(sin(cos(div(mul(X7,sin(div(mul(div(X8,sin(X6)),div(sin(X6),X8)),cos(mul(div(X4,X2),X8))))),X7))),X2),X2)),sin(X6)))
add(X8,div(div(div(sin(X7),mul(div(sin(cos(div(mul(sin(div(mul(sub(mul(X4,X8),div(sin(X8),mul(X3,X6))),sin(X3)),div(sub(X3,div(cos(cos(X8)),X8)),X2))),X6),X7))),X2),X8)),mul(div(sin(cos(div(mul(sin(add(X8,X5)),X6),X8))),X2),X8)),sin(X6)))
add(X8,div(div(sin(X7),mul(div(sin(cos(div(mul(div(sin(X7),mul(div(sin(cos(div(mul(X8,X8),add(X6,X4)))),X2),X8)),X6),sub(sin(cos(X8)),div(X3,cos(div(mul(sin(cos(X7)),X3),X2))))))),X2),X8)),sin(X6)))
add(X8,div(div(div(sin(X7),mul(div(sin(cos(div(mul(sin(div(mul(sub(mul(X4,X8),div(sin(X8),mul(X3,X6))),sin(X1)),div(sub(X3,div(cos(cos(X8)),X8)),X2))),X5),X7))),X2),X8)),mul(div(sin(cos(div(mul(sin(add(add(sub(div(X4,X7),X5),X4),X8)),X6),X8))),X2),X8)),sin(X6)))
add(X8,div(div(sin(X7),mul(div(sin(cos(div(mul(sin(cos(div(mul(X6,X8),X3))),div(X6,cos(X2))),X8))),X2),X8)),sin(X6)))
add(X8,div(div(mul(sin(div(sin(X3),sin(sub(add(X8,add(X1,X6)),div(sin(X6),cos(X5)))))),mul(div(X3,mul(X4,X4)),X6)),mul(div(sin(cos(div(X5,X8))),X2),X8)),sin(X6)))
add(X8,div(div(sin(X7),mul(div(sin(cos(div(add(sin(X8),X4),X8))),X2),X8)),sin(X6)))
add(X8,div(div(sin(X7),mul(div(sin(cos(div(mul(div(sin(X7),mul(div(sin(cos(div(X3,add(X6,X4)))),X2),X8)),X6),sub(cos(div(X7,sin(cos(X8)))),div(X3,cos(div(mul(sin(cos(X7)),X3),X2))))))),X2),X8)),sin(X6)))
add(X8,div(div(div(sin(X7),mul(div(sin(sin(cos(div(X4,X8)))),X2),X8)),mul(div(sin(cos(div(mul(sin(add(add(sub(div(X4,X7),X5),X4),sub(mul(sub(X6,div(sin(X8),mul(X3,X6))),sub(X3,div(cos(cos(X8)),X8))),cos(X2)))),X6),X8))),X2),X8)),sin(X6)))
add(X8,div(div(sin(X7),mul(div(sin(mul(sub(cos(X7),div(div(sin(X8),X8),cos(div(mul(sin(X8),add(X5,sub(div(X2,sin(X6)),X1))),sub(X7,add(X7,X7)))))),sub(X7,add(add(mul(div(X3,sin(X8)),X5),X6),X7)))),X6),X8)),sin(sin(X6))))
add(X8,div(div(sin(X7),mul(div(sin(cos(div(mul(sin(div(mul(sub(mul(X6,X8),div(sin(X8),mul(X3,X6))),sin(X3)),div(sub(X3,div(cos(cos(X8)),X8)),div(X3,mul(X4,X4))))),X6),sub(mul(sin(X7),X8),div(sin(div(X8,sin(sin(X8)))),mul(X6,X8)))))),X2),X8)),sin(X6)))
add(X8,div(div(div(sin(X7),mul(div(sin(cos(div(mul(sin(div(mul(sub(mul(X4,X8),div(sin(X8),mul(X3,X6))),sub(X7,sin(mul(X7,cos(X2))))),div(sub(X3,div(cos(cos(X8)),X8)),X2))),X5),X7))),X2),X8)),mul(div(sin(cos(div(mul(sin(add(add(sub(div(X4,X7),X5),X4),sub(X7,X3))),X6),X8))),X2),X8)),sin(X6)))
add(X8,div(div(sin(X7),mul(div(sin(cos(div(mul(sin(div(sin(mul(add(X6,X1),cos(X6))),X3)),X4),sin(sin(cos(div(mul(div(div(sin(X8),sin(X6)),X8),sin(X8)),sub(mul(X8,sub(mul(X4,X8),cos(div(X8,X8)))),X1)))))))),X4),X8)),sin(X6)))
add(X8,div(div(div(sin(X7),mul(div(sin(cos(div(mul(sin(X8),X5),X7))),X7),X8)),mul(div(sin(cos(div(mul(sin(add(add(sub(div(X4,X7),X5),X4),sub(X7,cos(X2)))),X6),X8))),X8),X8)),sin(X6)))
add(X8,div(div(sin(X7),mul(div(sin(cos(div(X2,X8))),mul(sin(div(mul(sub(mul(X4,X8),div(X4,mul(X3,X2))),sin(X3)),div(sub(X3,div(cos(cos(X8)),X8)),div(X3,sin(X8))))),X6)),X8)),sin(X6)))
add(X8,div(div(mul(sin(div(sin(X3),sin(sub(add(X8,add(X1,X6)),div(sin(X6),cos(div(X4,X7))))))),mul(div(X3,mul(X4,X4)),X6)),mul(div(sin(cos(div(X5,X8))),X2),X8)),sin(X6)))
add(X8,div(div(div(sin(X7),mul(div(sin(cos(div(mul(sin(div(cos(div(mul(add(sin(X8),X4),add(X2,X8)),sin(X6))),sin(sin(X6)))),X6),X7))),X2),X8)),mul(div(sin(cos(div(mul(sin(add(X8,sub(X7,cos(X2)))),X6),X8))),X2),X8)),sin(X6)))
add(X8,div(div(sin(X7),mul(div(sin(cos(div(cos(div(mul(sin(div(sin(X8),mul(X6,X2))),X7),X7)),X8))),X2),X8)),sin(mul(sin(cos(X7)),sin(X8)))))
add(X8,div(div(sin(X7),mul(div(sin(cos(div(cos(div(mul(sin(div(div(X8,mul(X8,X5)),sin(X6))),X7),X7)),X4))),X2),X8)),sin(mul(sin(cos(X7)),sin(X8)))))
add(X8,div(div(sin(X7),mul(div(sin(cos(div(cos(div(mul(X8,X7),X7)),X8))),X2),X8)),sin(mul(sin(cos(X7)),sin(X8)))))
add(X8,div(div(div(sin(X7),mul(div(sin(cos(div(X6,X7))),X2),X8)),mul(div(sin(cos(div(mul(sin(add(X8,sub(X7,cos(X2)))),X6),X8))),X2),X8)),sin(X6)))
add(X8,div(div(sin(X7),mul(div(sin(cos(div(mul(sin(div(sin(mul(add(sin(X8),X1),cos(X6))),X3)),X4),sin(sin(cos(div(mul(sin(sin(sin(X7))),div(sin(X8),mul(X3,X6))),sub(mul(div(X8,X8),X8),X1)))))))),X4),X8)),sin(X6)))
add(X8,div(div(sin(X7),mul(div(sin(cos(div(mul(sin(div(sin(mul(add(sin(X8),X1),cos(X6))),X3)),X4),sin(sin(cos(div(X7,sub(mul(X8,sub(mul(X4,X8),cos(div(X8,X8)))),X1)))))))),X4),X8)),sin(X6)))
add(X8,div(div(sin(X7),mul(div(sin(cos(div(mul(div(sin(cos(div(mul(sin(div(sin(X3),sin(X6))),mul(mul(div(X7,X2),cos(X2)),div(X8,X7))),X7))),X6),X6),X7))),add(X8,X5)),X8)),sin(X6)))
add(X8,div(div(sin(X7),mul(div(sin(cos(div(mul(div(sin(cos(div(mul(sin(div(sin(X3),sin(X6))),mul(mul(div(X7,X2),cos(X2)),div(X8,X7))),X7))),X6),X6),X7))),add(X8,X5)),X8)),sin(X6)))
add(X8,div(div(sin(X7),mul(div(sin(cos(div(mul(mul(sin(cos(X7)),sin(sin(X6))),X6),X7))),add(X8,X5)),X8)),sin(X6)))
add(X8,div(div(sin(X7),mul(div(sin(cos(div(mul(sin(div(sin(mul(X4,cos(X7))),X3)),sub(mul(X4,add(sub(X4,X2),X4)),div(sin(X8),mul(X6,X8)))),X4))),X2),X8)),sin(X6)))
add(X8,div(div(sin(X7),mul(div(sin(cos(div(mul(sin(div(sin(mul(add(sin(X8),X8),cos(X7))),sin(X6))),X6),X8))),X2),X8)),sin(X6)))
add(X8,div(div(sin(X7),mul(div(sin(cos(div(mul(sin(div(mul(sub(mul(X4,X8),div(X4,mul(X3,X2))),sin(cos(X8))),div(sub(X3,div(cos(cos(X8)),X8)),div(X3,sin(X8))))),X6),X7))),X2),X8)),sin(X6)))
add(X8,div(div(sin(X7),mul(div(sin(cos(div(mul(sin(div(mul(sub(mul(X4,X8),div(sin(cos(sin(X7))),mul(X3,cos(cos(X8))))),sin(X3)),div(sub(X3,div(X6,X8)),div(X3,sin(X8))))),X6),X7))),X2),X8)),sin(X6)))
add(X8,div(div(sin(X7),mul(div(sin(cos(div(mul(sin(div(mul(sub(mul(X4,X8),div(sin(X8),mul(cos(div(X8,X7)),X7))),sin(X3)),div(sub(X3,div(X6,X8)),div(X3,sin(X8))))),X6),X7))),X2),X8)),sin(X6)))
add(X8,div(div(sin(X7),mul(div(sin(cos(div(mul(sin(div(add(X8,X8),sin(X7))),X6),X7))),X2),X8)),sin(X6)))
add(X8,div(div(sin(X7),mul(div(sin(cos(div(mul(X8,div(X8,div(sin(X3),X8))),X8))),X2),X8)),sin(X6)))
add(X8,div(div(sin(X7),mul(div(sin(cos(div(mul(sin(div(mul(sub(mul(X4,X7),div(sin(X8),mul(X3,X7))),sin(X3)),div(sub(X3,div(cos(cos(X8)),X8)),div(X3,sin(X8))))),X6),X7))),X2),X8)),sin(X6)))
add(X8,div(div(sin(X7),mul(div(sin(cos(div(X2,X8))),X2),X8)),sin(X6)))
add(X8,div(div(sin(X7),mul(div(sin(cos(div(add(div(div(X8,mul(X8,sin(X7))),mul(X8,X5)),sub(sin(sin(X6)),X1)),X8))),X5),X8)),sin(X6)))
add(X8,div(div(sin(X7),mul(div(sin(cos(div(add(div(X8,mul(X8,X5)),sub(sin(sin(X8)),X1)),X8))),X5),X8)),sin(X6)))
add(X8,div(div(sin(X7),mul(div(cos(div(mul(sin(div(mul(sub(mul(X4,X8),div(sin(X8),mul(X3,X6))),sin(X1)),div(X8,X2))),X5),X7)),X2),X8)),sin(sin(X6))))
add(X8,div(div(sin(X7),mul(div(sin(cos(div(mul(sin(div(mul(sub(mul(X4,X8),div(X4,mul(X3,X2))),sin(X3)),div(sub(X3,div(cos(cos(X8)),X8)),div(X3,sin(X6))))),X6),X7))),X2),X8)),sin(X6)))
add(X8,div(div(sin(X7),mul(div(sin(cos(div(mul(sin(div(mul(sub(mul(X6,X8),div(sin(X8),X5)),sin(X3)),div(sub(X3,div(cos(cos(X8)),X8)),div(X3,sin(X7))))),X6),X7))),X2),X8)),sin(X6)))
add(X8,div(div(sin(X7),mul(div(sin(cos(div(mul(sin(div(mul(sub(mul(X4,X8),div(sin(X8),mul(X3,X7))),sin(X3)),div(sub(X3,div(cos(cos(X8)),X8)),div(X3,sin(X8))))),X6),X7))),X2),X8)),sin(X6)))
add(X8,div(div(sin(X7),mul(div(sin(cos(div(mul(sin(div(mul(sub(mul(X4,X8),div(sin(X8),mul(X3,X7))),sin(X3)),div(sub(X3,div(cos(cos(X8)),X8)),div(X3,sin(X8))))),X6),X7))),X2),X8)),sin(X6)))
add(X8,div(div(sin(X7),mul(div(sin(cos(div(mul(X8,div(sub(X3,div(sin(X7),X8)),X8)),X8))),X2),add(sin(X8),X1))),sin(X6)))
add(X8,div(div(sin(X7),mul(div(sin(mul(sub(cos(div(X6,sin(X6))),div(div(sin(X8),X8),cos(div(mul(sin(X8),add(X5,sub(div(X2,X4),X1))),sub(X7,add(X7,X7)))))),sub(X7,add(add(mul(div(X3,sin(X8)),X5),X6),X7)))),X6),X8)),sin(sin(X6))))
add(X8,div(div(sin(X7),mul(div(sin(cos(div(mul(sin(X7),X6),X7))),X2),X8)),sin(X6)))
add(X8,div(div(sin(X7),mul(div(sin(cos(div(mul(sin(X7),X6),X7))),X2),X8)),sin(X6)))
add(X8,div(div(sin(X7),mul(div(sin(cos(cos(div(mul(sin(div(sin(mul(sin(X7),sub(cos(cos(X8)),div(cos(X8),mul(X3,X6))))),sin(X6))),X7),X7)))),X2),X8)),sin(X6)))
add(X8,div(div(sin(X7),mul(div(sin(cos(div(mul(sin(div(div(add(X6,div(X6,X4)),X2),X8)),sub(mul(X4,X8),div(sin(X8),mul(X6,X8)))),X7))),X2),X8)),sin(X6)))
add(X8,div(div(sin(X7),mul(div(sin(cos(div(mul(sin(div(mul(sub(mul(X4,X8),X7),sin(X3)),div(sub(X3,div(cos(cos(X8)),X8)),div(X3,sin(X8))))),X6),X7))),X2),X8)),sin(X6)))
add(X8,div(div(sin(X7),mul(div(sin(cos(div(X2,X8))),X7),X8)),sin(X6)))
add(X8,div(div(sin(X7),mul(div(sin(cos(div(mul(sin(div(mul(sub(mul(X4,X8),X4),sin(cos(X8))),X5)),X6),X7))),X4),X8)),sin(X6)))
add(X8,div(div(sin(X7),mul(div(sin(cos(div(mul(sin(sin(div(sin(mul(X4,cos(X7))),X8))),sub(mul(X4,X8),sin(X6))),X4))),X2),X8)),sin(X6)))
add(X8,div(div(sin(X7),mul(div(sin(cos(div(mul(sin(sin(div(sin(mul(X4,cos(X7))),X8))),sub(mul(X4,X8),div(sin(div(X8,mul(X8,X8))),mul(X6,X8)))),X4))),X2),X8)),sin(X6)))
add(X8,div(div(sin(X7),mul(div(sin(cos(div(mul(sin(sin(div(sin(mul(X4,cos(X7))),X8))),sub(mul(X4,X8),div(sin(div(X8,X6)),mul(X6,X8)))),X4))),X2),X8)),sin(X6)))
add(X8,div(div(sin(X7),mul(div(sin(cos(div(mul(sin(div(mul(mul(X8,X5),sin(X3)),div(sub(X3,sin(X6)),X4))),X6),X7))),X2),X8)),sin(X6)))
add(X8,div(div(div(sin(X7),mul(div(sin(cos(div(mul(sin(X8),sin(sin(X8))),X7))),X2),X8)),mul(div(sin(cos(div(mul(sin(add(add(sub(div(X4,X7),X5),X4),sub(X7,cos(X2)))),X6),X8))),X8),X8)),sin(X6)))
add(X8,div(div(sin(X7),mul(div(sin(cos(div(mul(sin(div(mul(sub(mul(X4,X8),div(sin(X8),mul(X3,X7))),sin(X3)),div(sub(X3,div(X7,X8)),div(X3,cos(div(X8,X8)))))),X6),X7))),X2),X8)),sin(X6)))
add(X8,div(div(sin(X7),mul(div(sin(cos(div(mul(sin(div(mul(sub(mul(X4,X8),div(mul(X6,add(mul(X8,X5),sin(X6))),mul(X6,X7))),sin(cos(X8))),X5)),X6),X7))),X2),X8)),sin(X6)))
add(X8,div(div(sin(X7),mul(div(sin(cos(div(mul(sin(div(sin(mul(add(sin(X8),X8),cos(X7))),sin(X6))),X6),sub(cos(div(X8,sin(cos(X8)))),div(X3,cos(div(mul(sin(cos(X7)),X8),X2))))))),X2),X8)),sin(X6)))
add(X8,div(div(sin(X7),mul(div(sin(cos(div(mul(sin(div(sin(mul(add(X6,X4),cos(cos(sin(X7))))),X3)),sub(mul(X4,X8),div(X7,mul(X6,X8)))),X7))),X2),X8)),sin(X6)))
add(X8,div(div(sin(X7),mul(div(sin(cos(div(mul(sin(div(sin(X3),sin(X8))),mul(X8,sin(mul(add(div(X8,X8),X4),cos(X7))))),X8))),X6),X8)),sin(sin(X6))))
add(X8,div(div(sin(X7),mul(div(sin(cos(div(mul(sin(div(sin(mul(add(X8,X8),cos(X7))),sin(X6))),X6),sub(cos(div(X7,sin(cos(X2)))),div(X3,cos(div(mul(sin(cos(X7)),X3),X2))))))),X2),X8)),sin(X6)))
add(X8,div(div(sin(X7),mul(div(sin(cos(div(add(sin(X8),X4),X3))),X2),X8)),sin(X6)))
add(X8,div(div(sin(X7),mul(div(sin(cos(div(mul(sin(X8),X8),mul(add(X5,div(X1,X6)),div(sin(cos(mul(div(mul(div(sin(X8),X8),X5),X8),sin(sin(X7))))),X8))))),X2),X8)),sin(X6)))
add(X8,div(div(sin(X7),mul(div(sin(cos(div(X8,X8))),X6),X8)),sin(X6)))
add(X8,div(div(sin(X7),mul(div(sin(cos(cos(div(mul(sin(X6),X7),X7)))),X2),X8)),sin(X6)))
add(X8,div(div(sin(X7),mul(div(sin(cos(cos(div(mul(sin(X6),sub(X3,div(cos(cos(X8)),X8))),X7)))),X2),X8)),sin(X6)))
add(X8,div(div(sin(X7),mul(div(sin(cos(div(mul(sin(div(sin(mul(X8,cos(cos(sin(X7))))),X7)),sub(mul(X4,X8),div(sin(div(X8,mul(X8,X5))),mul(X8,X8)))),X7))),X2),X8)),sin(X6)))
add(X8,div(div(sin(X7),mul(div(sin(cos(div(mul(sin(div(sin(mul(X8,cos(cos(sin(X7))))),X7)),sub(mul(X4,X8),div(sin(div(X8,mul(X8,X5))),mul(X8,X8)))),X7))),X2),X8)),sin(X6)))
add(X8,div(div(sin(X7),mul(div(sin(cos(cos(div(mul(X6,add(mul(X4,X8),mul(sin(cos(div(X4,X8))),X5))),X7)))),X6),X8)),sin(X6)))
add(X8,div(div(sin(X7),mul(div(sin(cos(div(mul(sin(div(sin(cos(div(mul(X6,add(sin(X7),X8)),X6))),sin(X8))),X3),X7))),X2),X8)),sin(X6)))
add(X8,div(div(sin(X7),mul(div(sin(cos(div(mul(sin(div(mul(sub(mul(X4,mul(X6,div(sin(X7),X6))),div(X6,mul(X3,X6))),sin(X3)),div(sub(X3,div(cos(mul(X6,X8)),X7)),X8))),X6),X7))),X2),X8)),sin(X6)))
add(X8,div(div(sin(X7),mul(div(sin(cos(div(mul(sin(div(mul(sub(mul(X4,mul(X6,div(sin(X7),X6))),div(X6,mul(X3,X6))),sin(X3)),div(sub(X3,div(cos(cos(X8)),X7)),X8))),X6),X7))),X2),X8)),sin(X6)))
add(X8,div(div(div(sin(X7),mul(div(sin(cos(div(mul(sin(div(mul(sub(mul(X4,X8),div(sin(X8),mul(X3,X6))),sin(X8)),div(sub(X3,div(cos(cos(X8)),X8)),X2))),X5),X7))),X2),X8)),mul(div(sin(cos(div(mul(sin(add(add(sub(div(X4,X7),X5),X4),sub(X7,cos(X2)))),X8),X8))),X2),X8)),sin(X6)))
add(X8,div(div(sin(X7),mul(div(sin(cos(div(X7,X7))),X2),X8)),sin(X6)))
add(X8,div(div(sin(X7),mul(div(sin(cos(div(X8,X8))),X2),X8)),sin(X6)))
add(X8,div(div(sin(X7),mul(div(sin(cos(div(X2,X6))),X2),X8)),sin(X6)))
add(X8,div(div(sin(X7),mul(div(sin(cos(div(X2,X6))),X2),X8)),sin(X6)))
add(X8,div(div(sin(X7),mul(div(sin(cos(div(X7,X3))),X3),X7)),sin(X6)))
add(X8,div(div(sin(X7),mul(div(sin(cos(div(mul(sin(div(sin(mul(X4,cos(X7))),X3)),sub(mul(X4,X8),div(sin(X8),mul(X6,sin(X7))))),X4))),X2),X8)),sin(X6)))
add(X8,div(div(sin(X7),mul(div(sin(cos(div(mul(sin(div(sin(mul(X4,cos(X7))),X3)),sub(mul(X4,X8),div(sin(mul(sub(mul(X4,X8),X7),sin(X3))),sin(X8)))),X4))),X2),X8)),sin(X6)))
add(X8,div(div(sin(X7),mul(div(sin(cos(cos(div(mul(X6,add(mul(X4,X8),X8)),X7)))),X6),X8)),sin(X6)))
add(X8,div(div(div(sin(X7),mul(div(sin(cos(div(mul(sin(div(mul(sub(mul(X4,X8),div(sin(X8),mul(X3,X6))),sin(X3)),div(sub(X3,div(cos(cos(X8)),X8)),X2))),X6),X7))),X4),X8)),mul(div(sin(cos(div(mul(sin(add(add(sub(div(X4,X7),X2),X4),sub(X7,cos(X2)))),X6),X8))),X2),X8)),sin(X6)))
add(X8,div(div(sin(X7),mul(div(sin(cos(div(mul(sin(div(mul(sub(mul(X4,div(X8,mul(X8,X5))),sin(X7)),sin(X3)),div(sub(X3,div(cos(cos(X8)),X8)),div(X7,cos(add(X3,div(X3,cos(X6)))))))),X6),X7))),X2),X3)),sin(X6)))
add(X8,div(div(div(sin(X7),mul(div(sin(cos(div(mul(sin(div(mul(sub(mul(X4,X8),div(sin(X8),mul(X3,X6))),sin(X3)),div(sub(X3,div(cos(cos(X8)),X8)),X2))),X6),X7))),X2),X8)),mul(div(sin(cos(div(mul(sin(add(add(sub(div(X4,X7),X2),X4),sub(X7,cos(X2)))),X6),X8))),X2),X8)),sin(X6)))
add(X8,div(div(div(sin(X7),mul(div(sin(cos(div(mul(sin(div(mul(sub(mul(X4,X8),div(sin(X8),mul(X3,X6))),sin(X3)),div(sub(X3,div(cos(cos(X8)),X8)),X2))),X6),X7))),X2),X8)),mul(div(sin(cos(div(mul(sin(add(add(sub(div(X4,X7),X2),X4),sub(X7,cos(X2)))),X6),X8))),X2),X8)),sin(X6)))
add(X8,div(div(sin(X7),mul(div(sin(cos(div(X8,X7))),X2),X8)),sin(X6)))
add(X8,div(div(sin(X7),mul(div(sin(cos(div(X8,X7))),X2),X8)),sin(X6)))
add(X8,div(div(sin(X7),mul(div(sin(cos(cos(div(mul(sin(div(sin(mul(sin(X7),sub(mul(X4,X8),div(sin(X8),X8)))),sin(X6))),X7),X7)))),X2),X8)),sin(X6)))
add(X8,div(div(sin(X7),mul(div(sin(cos(cos(div(mul(sin(div(sin(mul(sin(X7),sub(mul(X4,X8),div(X6,mul(X3,X6))))),sin(X6))),X7),X7)))),X2),X8)),sin(X6)))
add(X8,div(div(sin(X7),mul(div(sin(cos(div(add(X1,X6),div(sin(X3),X8)))),X2),X6)),sin(X6)))
add(X8,div(div(sin(X7),mul(div(sin(cos(cos(div(mul(sin(div(sin(mul(sin(X7),sub(mul(X4,X8),div(sin(X8),mul(X3,X6))))),sin(X6))),X7),X8)))),X2),X8)),sin(X6)))
add(X8,div(div(sin(X7),mul(div(sin(div(mul(sin(X8),X8),mul(add(X5,div(X1,X6)),div(sin(cos(X8)),X8)))),X2),add(sin(X8),X1))),sin(X6)))
add(X8,div(div(sin(X7),mul(div(sin(cos(div(mul(sin(div(sin(mul(add(sin(X8),X4),cos(cos(sin(X7))))),X8)),sub(mul(X4,X8),div(sin(div(X8,mul(X2,X5))),mul(X6,X8)))),X7))),X2),X3)),sin(X6)))
add(X8,div(div(sin(X7),mul(div(sin(cos(div(mul(sin(div(sin(mul(add(sin(X8),X4),cos(cos(sin(X7))))),X3)),sub(mul(X4,X8),div(sin(div(X3,sin(X8))),mul(X6,X8)))),X7))),X2),X8)),sin(X6)))
add(X8,div(div(sin(X7),mul(div(sin(cos(div(add(X6,div(X6,X4)),X2))),X8),X8)),sin(X6)))
add(X8,div(div(sin(X7),mul(div(sin(cos(div(mul(sin(div(mul(sub(mul(X4,X8),div(sin(X8),sin(cos(X7)))),sin(X3)),div(sub(X3,div(cos(cos(sin(X8))),X8)),div(X3,sin(X8))))),X6),X7))),X2),X8)),sin(X6)))
add(X8,div(div(sin(X7),mul(div(sin(cos(div(mul(sin(div(mul(sub(mul(cos(div(X7,X7)),X8),div(sin(X8),mul(X3,X7))),sin(X3)),div(sub(X3,div(cos(cos(X8)),X8)),div(X3,sin(X7))))),X6),X7))),X2),X8)),sin(X6)))
add(X8,div(div(sin(X7),mul(div(sin(cos(sub(X3,div(X6,X8)))),X5),X8)),sin(X6)))
add(X8,div(div(sin(X7),mul(div(sin(cos(div(mul(sin(div(mul(sub(mul(X4,X8),X7),sin(X3)),div(sub(X3,div(cos(cos(X6)),X8)),div(X3,sin(X8))))),X6),X7))),X2),X8)),sin(X6)))
add(X8,div(div(sin(X7),mul(div(sin(cos(cos(div(mul(X4,X7),X7)))),X2),X8)),sin(X6)))
add(X8,div(div(sin(X7),mul(div(sin(cos(div(mul(sin(div(mul(sub(mul(X4,X8),div(div(sin(add(X8,X5)),sin(X6)),mul(X3,X7))),sin(X3)),div(sub(X3,div(cos(cos(X8)),X8)),div(X3,sin(X7))))),X6),X7))),X2),X8)),sin(X6)))
add(X8,div(div(sin(X7),mul(div(sin(cos(div(mul(sin(div(sin(mul(sin(X7),cos(X7))),sin(X6))),X7),X2))),X7),X8)),sin(X6)))
add(X8,div(div(sin(X7),mul(div(sin(cos(div(mul(sin(div(sin(mul(add(sin(X8),X4),cos(cos(sin(X7))))),X7)),sub(mul(X4,X8),div(sin(div(X8,mul(X2,X5))),mul(cos(X8),X8)))),X7))),X8),X8)),sin(X6)))
add(X8,div(div(sin(X7),mul(div(sin(cos(div(mul(sin(div(mul(sub(mul(X4,sin(X7)),div(sin(X8),mul(X3,X6))),sin(X3)),div(sub(X3,div(mul(X4,X4),X8)),X2))),X6),X7))),X2),X8)),sin(X6)))
add(X8,div(div(sin(X7),mul(div(sin(cos(div(mul(sin(div(sin(X6),X3)),X4),sin(sin(cos(X7)))))),X4),X8)),sin(X6)))
add(X8,div(div(sin(X7),mul(div(mul(div(sin(cos(div(mul(sin(div(X3,sin(X6))),mul(X8,sin(div(X3,X6)))),X7))),X6),X8),X2),X8)),sin(X6)))
add(X8,div(div(sin(X7),mul(div(mul(div(sin(cos(div(mul(sin(div(X3,sin(X6))),mul(X8,sin(div(X3,X6)))),X7))),X6),X8),X2),X8)),sin(X6)))
add(X8,div(div(sin(X7),mul(div(mul(div(sin(cos(div(mul(sin(div(X3,sin(X6))),mul(X8,sin(div(X3,X6)))),X7))),X6),X8),X2),X8)),sin(X6)))
add(X8,div(div(sin(X7),mul(div(sin(cos(div(mul(sin(div(mul(sub(mul(X4,sin(X7)),div(sin(X8),mul(X3,X6))),sin(X3)),div(X4,div(X2,X7)))),X6),X7))),X2),X8)),sin(X6)))
add(X8,div(div(sin(X7),mul(div(sin(cos(div(mul(div(X8,X6),div(mul(sin(div(sin(mul(X2,sin(X7))),X8)),sub(mul(X4,X8),div(sin(div(X8,mul(div(X2,X3),X5))),mul(X6,X8)))),sin(X7))),X8))),X3),X8)),sin(X6)))
add(X8,div(div(sin(X7),mul(div(sin(cos(div(mul(div(X8,X6),div(mul(sin(div(sin(mul(X2,sin(X7))),X8)),sub(mul(X4,X8),div(sin(sin(X6)),mul(X6,X8)))),sin(X7))),X8))),X3),X8)),sin(X6)))
add(X8,div(div(sin(X7),mul(div(sin(cos(cos(div(sub(mul(X4,X8),div(sin(div(mul(X4,cos(X7)),mul(X8,X5))),mul(X6,X8))),X7)))),X2),X8)),sin(X6)))
add(X8,div(div(sin(X7),mul(div(sin(cos(div(mul(sin(div(sin(mul(sin(X7),cos(X7))),sin(X6))),X7),X2))),X8),X8)),sin(X6)))
add(X8,div(div(sin(X7),mul(div(sin(cos(div(mul(sin(div(X8,div(sub(X3,div(cos(cos(X8)),X8)),div(X3,X8)))),X6),X7))),X2),X8)),sin(sin(sin(X6)))))
add(X8,div(div(sin(X7),mul(div(sin(cos(div(mul(sin(div(sin(mul(add(sin(X8),X8),cos(sin(X7)))),sin(X6))),X6),sub(cos(div(X7,sin(cos(X2)))),div(X3,cos(X4)))))),X2),X8)),sin(X6)))
add(X8,div(div(sin(X7),mul(div(sin(cos(div(mul(sin(div(sin(mul(sin(X7),cos(X7))),sin(X6))),X8),X2))),X8),X8)),sin(X6)))
add(X8,div(div(sin(X7),mul(div(sin(cos(div(mul(div(X8,X6),div(mul(sin(div(sin(mul(X2,sin(X7))),X8)),sub(mul(X4,X8),div(sin(div(X8,mul(div(X2,X3),X8))),mul(X6,X8)))),sin(X7))),X8))),X3),X7)),sin(X6)))
add(X8,div(div(sin(X7),mul(div(sin(cos(div(mul(sin(div(mul(sub(mul(X4,X8),div(sin(cos(div(X8,X8))),mul(X3,X6))),sin(X3)),div(sub(X7,div(cos(cos(X8)),X8)),div(X3,mul(X4,X4))))),X6),X7))),X2),X8)),sin(X6)))
add(X8,div(div(sin(X7),mul(div(sin(cos(div(mul(sin(div(mul(sub(mul(X4,X8),div(sin(X8),mul(X3,X6))),sin(X3)),div(sub(X7,div(cos(cos(X8)),X8)),div(X3,mul(X4,X4))))),X6),X7))),X2),X8)),sin(X6)))
add(X8,div(div(sin(X7),mul(div(sin(cos(div(mul(sin(div(mul(sub(mul(X4,X8),div(sin(X8),mul(X3,X6))),sin(X3)),div(sub(X7,div(cos(cos(X8)),X8)),div(X3,mul(X4,X4))))),X6),X7))),X2),X8)),sin(X6)))
add(X8,div(div(sin(X7),mul(div(sin(cos(div(mul(sin(div(mul(sub(mul(X4,X8),div(sin(X8),mul(X3,X4))),sin(X3)),div(X7,div(X3,mul(X4,X4))))),X6),X7))),X2),X8)),sin(X6)))
add(X8,div(div(sin(X7),mul(div(sin(cos(div(mul(sin(div(mul(sub(mul(X4,X8),div(sin(X8),mul(X3,X4))),sin(X3)),div(X7,div(X3,mul(X4,X4))))),X6),X7))),X2),X8)),sin(X6)))
add(X8,div(div(sin(X7),mul(div(sin(cos(div(mul(sin(div(mul(sub(mul(X4,X8),div(sin(X8),mul(X3,X4))),sin(X3)),div(X7,div(X3,mul(X4,X4))))),X6),X7))),X2),X8)),sin(X6)))
add(X8,div(div(sin(X7),mul(div(sin(cos(div(mul(sin(div(sin(mul(add(mul(div(X3,sin(X8)),X5),X6),cos(cos(sin(X7))))),X3)),sub(mul(X4,X8),div(sin(div(X8,mul(X8,X5))),mul(X6,mul(X4,X4))))),X7))),X2),X8)),sin(X6)))
add(X8,div(div(sin(X7),mul(div(sin(cos(div(mul(sin(div(mul(sub(mul(X4,X8),sin(X7)),sin(X3)),div(sub(X3,div(cos(cos(X8)),X8)),div(X7,cos(add(X3,div(X3,cos(X6)))))))),X6),X7))),X2),X3)),sin(X6)))
add(X8,div(div(sin(X7),mul(div(mul(div(sin(cos(div(mul(sin(div(sin(X3),sin(X7))),X8),X7))),X6),X3),X2),X8)),sin(X6)))
add(X8,div(div(sin(X7),mul(div(mul(div(sin(cos(div(mul(sin(div(sin(X3),sin(X7))),X8),X7))),X6),X3),X2),X8)),sin(X6)))
add(X8,div(div(sin(X7),mul(div(sin(cos(div(mul(sin(div(mul(sub(mul(X6,X8),div(sin(X8),X5)),sin(X3)),div(sub(X3,div(cos(cos(X8)),X8)),div(X3,mul(X4,X4))))),X6),X7))),X2),X8)),sin(X6)))
add(X8,div(div(sin(X7),mul(div(sin(cos(div(mul(sin(X8),X8),mul(add(X5,div(X1,X6)),div(sin(cos(X8)),X8))))),X4),X8)),sin(X6)))
add(X8,div(div(sin(X7),mul(div(sin(cos(div(mul(sin(div(X4,div(mul(sin(div(X5,div(X2,X3))),div(sub(X3,X8),X3)),div(X3,sin(X8))))),X6),X7))),X2),X8)),sin(X6)))
add(X8,div(div(sin(X7),mul(div(sin(cos(div(mul(sin(div(mul(sub(mul(X4,X8),div(sin(X6),mul(X3,X8))),sin(cos(sin(mul(X8,X5))))),X5)),X6),X7))),X2),X8)),sin(X6)))
add(X8,div(div(sin(X7),mul(div(sin(cos(div(mul(sin(div(mul(sub(mul(X4,X8),div(sin(X6),mul(X3,X6))),sin(cos(sin(mul(X8,X5))))),X5)),X6),X7))),X2),X8)),sin(X6)))
add(X8,div(div(sin(X7),mul(div(sin(cos(div(mul(sin(div(mul(sub(mul(X6,mul(X4,X4)),div(sin(X8),X5)),sin(X3)),div(sub(X3,div(cos(cos(X8)),X8)),div(X3,mul(X4,X4))))),X6),X7))),X2),X8)),sin(X6)))
add(X8,div(div(sin(X7),mul(div(sin(cos(cos(div(mul(sin(div(sin(X2),sin(X6))),X7),X7)))),X2),X8)),sin(X6)))
add(X8,div(div(sin(X7),mul(div(sin(cos(div(mul(sin(div(mul(sub(mul(X4,X6),div(sin(X8),mul(X8,X2))),sin(X7)),div(sub(X3,div(cos(cos(X8)),X8)),div(X3,mul(X4,X4))))),X8),X7))),X2),X8)),sin(X6)))
add(X8,div(div(sin(X7),mul(div(sin(cos(div(mul(sin(div(sin(mul(cos(div(X8,sin(X6))),X1)),sin(X6))),X3),X7))),X2),X8)),sin(X6)))
add(X8,div(div(sin(X7),mul(div(sin(cos(div(mul(sin(div(sin(X5),sin(mul(X4,X8)))),X6),X7))),X2),X7)),sin(X6)))
add(X8,div(div(sin(X7),mul(div(mul(div(sin(cos(div(mul(sin(X1),X8),X7))),X6),X3),X2),X8)),sin(X6)))
add(X8,div(div(sin(X7),mul(div(sin(cos(div(mul(sin(div(mul(sub(mul(X6,X8),div(sin(X8),mul(X3,X6))),sin(X3)),div(sub(X3,div(mul(add(X3,X8),cos(X7)),X8)),div(X3,mul(X4,X4))))),X6),X2))),X2),X8)),sin(X6)))
add(X8,div(div(sin(X7),mul(div(sin(cos(div(mul(sin(div(mul(sub(mul(X6,X8),sin(X7)),sin(X3)),div(sub(X3,div(cos(cos(X8)),X8)),div(X3,mul(X4,X4))))),X6),X2))),X2),X8)),sin(X6)))
add(X8,div(div(sin(X7),mul(div(sin(cos(div(mul(sin(div(mul(sub(mul(X6,X2),div(sin(X8),X5)),sin(X3)),div(sub(div(X3,mul(X4,X4)),div(cos(cos(X8)),X8)),div(X3,mul(X4,X4))))),X6),X7))),X2),X8)),sin(X6)))
add(X8,div(div(sin(X7),mul(div(sin(sin(sin(X8))),X2),X6)),sin(X6)))
add(X8,div(div(sin(X7),mul(div(sin(cos(sin(mul(X2,sin(X7))))),X8),X8)),sin(X6)))
add(X8,div(div(sin(X7),mul(div(sin(cos(div(mul(sin(div(sin(mul(sin(X7),cos(cos(sin(X7))))),X3)),sub(mul(X4,X8),div(sin(sin(X8)),mul(X6,mul(X4,X4))))),X7))),X2),X8)),sin(X6)))
add(X8,div(div(sin(X7),mul(div(sin(cos(div(mul(sin(div(mul(sub(mul(X4,X8),div(sin(X8),mul(X3,div(X2,cos(X4))))),sin(X3)),div(sub(X3,div(cos(cos(X4)),X8)),X8))),X6),X7))),X2),X8)),sin(X6)))
add(X8,div(div(sin(X7),mul(div(sin(cos(div(mul(sin(div(sin(mul(cos(div(X8,X4)),X1)),sin(X6))),X8),X7))),X2),X8)),sin(X6)))
add(X8,div(div(sin(X7),mul(div(sin(cos(div(mul(sin(div(mul(sub(mul(X4,X4),X7),sin(X3)),div(sub(X3,div(cos(cos(X8)),X8)),div(X3,sin(X8))))),X6),X7))),X2),X8)),sin(X6)))
add(X8,div(div(sin(X7),mul(div(sin(cos(div(mul(sin(div(mul(sub(mul(X4,X8),div(sin(X8),mul(X3,X7))),sin(X3)),div(sub(X3,div(cos(cos(X8)),X8)),div(cos(cos(X8)),X8)))),X6),X7))),X2),X8)),sin(X6)))
add(X8,div(div(sin(X7),mul(div(sin(cos(div(mul(sin(div(sin(X2),div(X8,mul(div(X2,X3),X5)))),X3),X2))),X2),X8)),sin(X6)))
add(X8,div(div(sin(X7),mul(div(sin(mul(sub(cos(div(X6,sin(X6))),div(mul(sin(div(cos(div(mul(add(sin(X8),X4),add(X2,X8)),sin(X6))),sin(sin(X6)))),X6),X7)),sub(X7,add(add(mul(div(X3,X7),X5),X6),X7)))),X6),X8)),sin(sin(X6))))
add(X8,div(div(sin(X7),mul(div(mul(div(sin(cos(div(mul(sin(div(X3,sin(X8))),mul(X8,sin(div(X3,X6)))),X7))),X6),X8),X2),X8)),sin(X6)))
add(X8,div(div(sin(X7),mul(div(sin(mul(sub(cos(div(X6,sin(X6))),div(div(sin(X8),X8),cos(div(mul(sin(X8),add(X5,sub(div(X2,X7),X1))),sub(X7,add(X7,X7)))))),sub(sin(X6),add(add(mul(div(X3,sin(X8)),X5),X6),X7)))),X6),X8)),sin(sin(X6))))
add(X8,div(div(sin(X7),mul(div(sin(cos(div(mul(div(sin(X8),X6),X6),div(X5,X6)))),X4),X8)),sin(X6)))
add(X8,div(div(sin(X7),mul(div(sin(cos(div(mul(sin(div(sin(mul(sin(cos(sin(X7))),cos(X6))),X3)),X4),sin(sin(cos(div(mul(div(div(sin(X8),sin(X6)),X4),div(sin(X8),mul(X3,X6))),sub(mul(div(X8,X8),X8),X1)))))))),X4),X8)),sin(X6)))
add(X8,div(div(sin(X7),mul(div(sin(cos(cos(X2))),X6),X8)),sin(X6)))
add(X8,div(div(sin(X7),mul(div(sin(cos(div(mul(sin(X8),X6),sub(sin(X7),div(X3,cos(div(mul(sin(cos(X7)),X3),X2))))))),X2),X8)),sin(X6)))
add(X8,div(div(sin(X7),mul(div(sin(cos(div(mul(div(sin(cos(div(X7,X8))),X6),X8),X7))),div(X3,sin(X8))),X8)),sin(X6)))
add(X8,div(div(sin(X7),mul(div(sin(cos(div(mul(sin(div(sin(mul(sin(cos(sin(X7))),cos(X6))),X3)),X8),sin(sin(cos(div(mul(div(div(sin(X8),sin(X6)),X4),div(sin(X8),mul(X3,X6))),sub(mul(div(X8,X8),X8),X1)))))))),X4),X8)),sin(X6)))
add(X8,div(div(sin(X7),mul(div(sin(cos(div(mul(sin(mul(sin(X7),X8)),X7),X2))),X2),X8)),sin(X6)))
add(X8,div(div(sin(X7),mul(div(sin(X8),X3),X8)),sin(X6)))
add(X8,div(div(sin(X7),mul(div(sin(cos(div(mul(div(div(mul(div(X3,mul(X4,X4)),add(mul(X8,X8),X8)),X2),mul(X8,X7)),div(div(sin(cos(X8)),mul(div(sin(X3),X8),X8)),sin(X3))),X8))),X2),mul(X7,sin(div(mul(div(X8,sin(X6)),div(sin(X6),X8)),cos(mul(div(sin(cos(div(X4,X8))),sub(mul(X6,X8),div(sin(X8),mul(X3,X6)))),X8))))))),sin(X6)))
add(X8,div(div(sin(X7),mul(div(sin(cos(div(mul(sin(div(sin(X3),sin(sin(X6)))),X6),X7))),X2),X7)),sin(X6)))
add(X8,div(div(sin(X7),mul(div(sin(X8),add(sin(X7),X4)),X8)),sin(X6)))
add(X8,div(div(sin(X7),mul(div(sin(cos(div(mul(sin(div(mul(sub(mul(X4,X8),div(sin(X8),mul(X3,X7))),sin(X3)),div(sub(X3,div(X3,sin(X8))),div(X3,sin(X8))))),X6),X7))),X2),X8)),sin(X6)))
add(X8,div(div(sin(sin(X7)),mul(div(sin(cos(div(mul(sin(div(sin(mul(X2,sin(X7))),X8)),sub(mul(X4,X8),div(sin(X8),mul(X6,X8)))),X3))),X2),X8)),sin(X6)))
add(X8,div(div(sin(X7),mul(div(sin(cos(div(mul(sin(div(sin(mul(sin(X7),sub(mul(X4,X8),sin(X7)))),sin(X6))),X7),X2))),X8),X8)),sin(X6)))
add(X8,div(div(sin(X7),mul(div(sin(cos(div(mul(sin(div(sin(X2),sin(X6))),X3),X2))),X2),X8)),sin(X6)))
add(X8,div(div(sin(X7),mul(div(sin(cos(div(mul(sin(div(mul(sub(mul(X4,X8),sin(X7)),sin(X3)),div(sub(X3,div(cos(cos(X8)),X8)),div(X7,cos(add(X3,div(X3,cos(X6)))))))),X6),sin(X7)))),X2),X3)),sin(X6)))
add(X8,div(div(sin(X7),mul(div(sin(cos(div(mul(sin(div(mul(sub(mul(X4,X8),sin(X7)),sin(X3)),div(sub(X3,div(cos(cos(X8)),X8)),div(X7,cos(add(X3,div(X3,cos(X6)))))))),X6),sin(X7)))),X2),X3)),sin(X6)))
add(X8,div(div(sin(X7),mul(div(sin(cos(div(mul(sin(div(mul(sub(mul(X4,X8),sin(X7)),sin(X3)),div(sub(X3,div(cos(cos(X8)),X8)),div(X7,cos(add(X3,div(X3,cos(X6)))))))),X6),sin(X7)))),X2),X3)),sin(X6)))
add(X8,div(div(sin(X7),mul(div(sin(cos(div(mul(sin(div(mul(sub(mul(X4,X8),X7),sin(X3)),div(sub(X3,div(cos(X3),X8)),div(X3,sin(X8))))),X6),X7))),X2),X8)),sin(X6)))
add(X8,div(div(sin(X7),mul(div(sin(X8),X2),X8)),sin(X6)))
add(X8,div(div(sin(X7),mul(div(sin(mul(sub(cos(div(X7,X3)),div(div(sin(X8),X8),cos(sin(X7)))),sub(X7,add(add(mul(div(X3,sin(X8)),X5),X6),X7)))),X2),X8)),sin(X6)))
add(X8,div(div(sin(X7),mul(div(sin(cos(div(mul(sin(div(cos(div(mul(add(sin(sin(X7)),X4),add(X2,X8)),sin(X6))),sin(div(sin(mul(add(sin(X8),X8),cos(X7))),sin(X6))))),X6),X7))),X2),X3)),sin(X6)))
add(X8,div(div(sin(X7),mul(div(sin(cos(div(mul(sin(div(mul(mul(X8,X5),sin(X3)),div(sub(X3,div(cos(cos(X8)),X8)),X4))),X6),X5))),X2),X8)),sin(X6)))
add(X8,div(div(sin(X7),mul(div(sin(cos(cos(div(mul(sin(div(sin(mul(X8,cos(cos(sin(X7))))),X7)),sub(mul(X4,X8),div(sin(div(X8,mul(X8,X5))),mul(X6,X8)))),X7)))),X2),X8)),sin(X6)))
add(X8,div(div(sin(X7),mul(div(sin(cos(div(mul(sin(add(add(sub(div(X4,mul(X4,add(mul(X4,X4),X8))),X5),X4),sub(X7,sin(div(X8,X8))))),X6),X8))),div(mul(X6,X7),X7)),X8)),sin(X6)))
add(X8,div(div(sin(X7),mul(div(sin(cos(cos(div(mul(X8,div(add(X1,X6),div(sub(X6,sin(X7)),X8))),X8)))),X2),X8)),sin(X6)))
add(X8,div(div(sin(X7),mul(div(sin(cos(div(mul(sin(div(sin(mul(add(sin(X8),X8),cos(X7))),sin(X6))),X6),sub(sin(X7),div(X3,cos(div(mul(sin(X3),X3),X2))))))),X2),X8)),sin(X6)))
add(X8,div(div(sin(X7),mul(div(sin(cos(sin(cos(div(mul(sin(X7),X6),X7))))),X2),X8)),sin(X6)))
add(X8,div(div(sin(X7),mul(div(sin(cos(div(mul(sin(div(mul(sin(sin(X8)),X7),div(sub(X3,div(cos(sin(X7)),X8)),X4))),X6),X7))),X2),X8)),sin(X6)))
add(X8,div(div(sin(X7),mul(div(sin(cos(div(mul(sin(div(mul(sub(mul(X4,X8),X7),sin(X3)),div(sub(sin(sin(cos(X8))),div(cos(cos(X8)),X8)),div(X3,sin(X8))))),X6),X7))),X2),X8)),sin(X6)))
add(X8,div(div(sin(X7),mul(div(sin(cos(div(mul(sin(div(mul(sub(mul(X4,X8),X4),sin(cos(X8))),X8)),X6),X7))),X2),X8)),sin(X6)))
add(X8,div(div(sin(X7),mul(div(sin(cos(div(mul(sin(div(mul(sub(mul(X4,X8),div(sin(X8),mul(X3,X6))),sin(X3)),div(sub(X3,div(sin(X7),X8)),X2))),X6),X7))),X6),X8)),sin(X6)))
add(X8,div(div(sin(X7),mul(div(sin(cos(div(mul(sin(div(sin(mul(cos(div(X8,sin(X6))),X1)),sin(X7))),X8),X7))),X2),X8)),sin(X6)))
add(X8,div(div(sin(X7),mul(div(sin(cos(div(mul(X8,mul(div(sin(cos(div(X8,X8))),X2),X3)),X7))),X6),X7)),sin(X6)))
add(X8,div(div(sin(X7),mul(div(sin(cos(div(mul(cos(div(X7,X3)),X6),X7))),X2),X3)),sin(X6)))
add(X8,div(div(sin(X7),mul(div(sin(cos(div(sin(cos(div(X8,X7))),div(sin(X3),sin(X6))))),X2),X8)),sin(X6)))
add(X8,div(div(mul(sin(div(sin(X3),sin(sub(add(X8,add(X1,X6)),div(sin(X6),cos(X4)))))),mul(div(X3,mul(X7,X4)),X6)),mul(div(sin(cos(div(mul(div(cos(X2),X8),div(X8,sin(div(X8,X2)))),X8))),X2),X8)),sin(X6)))
add(X8,div(div(sin(X7),mul(div(sin(cos(div(sin(cos(div(mul(X6,sin(cos(X7))),X7))),div(sin(X3),sin(sin(cos(div(X5,X8)))))))),X2),X8)),sin(X6)))
add(X8,div(div(sin(X7),mul(div(cos(div(X7,sin(cos(X8)))),X2),X3)),sin(X6)))
add(X8,div(div(sin(X7),mul(div(sin(cos(div(mul(sin(div(mul(sub(mul(X4,X8),div(mul(X6,add(mul(X8,X5),sin(X6))),mul(X3,X7))),sin(X6)),X5)),X6),X7))),X2),X8)),sin(X6)))
add(X8,div(div(sin(X7),mul(div(sin(cos(div(mul(sin(div(mul(sub(mul(X4,X8),div(sin(X8),sin(X3))),sin(X3)),div(sub(X3,div(cos(cos(X4)),X8)),X4))),X6),X7))),X2),X8)),sin(X6)))
add(X8,div(div(sin(X7),mul(div(sin(cos(div(mul(sin(div(mul(sub(add(sin(X8),X4),div(sin(X8),sub(X1,X2))),X8),div(mul(X4,X4),div(X3,sin(X8))))),X6),X7))),X2),X8)),sin(X6)))
add(X8,div(div(sin(X7),mul(div(sin(cos(div(mul(sin(div(mul(sub(mul(X4,X8),div(sin(X8),mul(X3,X6))),X3),div(sub(X7,div(cos(cos(X8)),X8)),div(X3,mul(X4,X4))))),X6),X7))),X2),X8)),sin(X6)))
add(X8,div(div(sin(X7),mul(div(sin(cos(div(mul(sin(div(mul(sub(mul(X4,sin(X7)),div(sin(X6),mul(X3,X6))),sin(X3)),div(sub(X3,div(sin(X7),X8)),X2))),X6),X7))),X2),X8)),sin(X6)))
add(X8,div(div(sin(X7),mul(div(sin(cos(div(X8,mul(X8,X5)))),X5),X8)),sin(X6)))
add(X8,div(div(sin(X7),mul(div(sin(cos(div(mul(div(div(sin(X8),X2),mul(X8,sin(X6))),sin(div(mul(sub(mul(X4,X8),X4),sin(cos(X8))),X5))),sin(X7)))),X5),X8)),sin(X6)))
add(X8,div(div(sin(X7),mul(div(sin(cos(div(mul(div(div(mul(X6,div(cos(cos(X4)),X8)),X2),mul(X8,X5)),div(div(mul(div(X8,sin(sin(sin(X1)))),sin(cos(div(sin(add(X8,X5)),sin(X6))))),X8),sin(X3))),X8))),X5),X8)),sin(X6)))
add(X8,div(div(sin(X7),mul(div(sin(cos(div(sin(X8),mul(X2,X5)))),X5),X8)),sin(X6)))
add(X8,div(div(sin(X7),mul(div(sin(cos(div(X2,div(mul(X3,X6),sin(div(mul(mul(X8,X7),X8),X7)))))),X4),X8)),sin(X6)))
add(X8,div(div(sin(X7),mul(div(sin(cos(div(mul(div(sin(cos(div(X7,X8))),X6),sin(cos(div(X7,X8)))),X7))),X4),X8)),sin(X6)))
add(X8,div(div(sin(X7),mul(div(sin(cos(div(mul(sin(div(sin(X6),X3)),X4),mul(sin(add(add(sub(div(X4,X7),X5),X4),sub(X7,cos(X2)))),X6)))),X4),X8)),sin(X6)))
add(X8,div(div(sin(X7),mul(div(sin(cos(div(mul(sin(div(mul(sub(mul(X4,X8),X7),sin(div(X7,cos(X4)))),div(sub(X3,div(cos(cos(X8)),X8)),div(X3,sin(X8))))),X6),X7))),X2),X8)),sin(X6)))
add(X8,div(div(sin(X7),mul(div(sin(cos(div(mul(sin(div(sin(X7),sin(X6))),X8),X7))),X2),X8)),sin(X6)))
add(X8,div(div(mul(sin(div(sin(X3),sin(sub(add(X8,add(X1,X6)),div(sin(X6),cos(X4)))))),mul(div(X3,mul(X4,X4)),X6)),mul(div(sin(cos(div(mul(div(cos(X2),X8),div(X8,sin(div(X8,X2)))),X8))),X2),X8)),sin(X6)))
add(X8,div(div(sin(div(X3,sin(X6))),mul(div(sin(cos(div(mul(sin(div(mul(sub(mul(X4,X8),div(X6,mul(X3,X6))),sin(X3)),div(sub(X3,div(cos(cos(X8)),X7)),X2))),div(sin(mul(sin(X7),sub(mul(X4,X8),div(sin(X8),mul(X3,X6))))),sin(X6))),X7))),X8),X8)),sin(X6)))
add(X8,div(div(sin(X7),mul(div(sin(cos(div(mul(sin(div(sin(X6),X3)),X4),sin(sin(cos(div(mul(div(div(sin(X8),sin(X6)),X8),X6),X3))))))),X4),X8)),sin(X6)))
add(X8,div(div(sin(X7),mul(div(sin(cos(div(mul(sin(div(sin(X6),X3)),X4),sin(sin(cos(div(mul(div(div(sin(X8),X6),X8),sin(X8)),X3))))))),X4),X8)),sin(X6)))
add(X8,div(div(sin(X7),mul(div(sin(cos(div(div(mul(sin(div(sin(div(mul(div(X3,mul(X4,X4)),X7),X8)),cos(mul(sub(mul(X4,X8),div(sin(X8),mul(X3,X6))),div(mul(sin(X8),X4),X7))))),sin(X5)),X7),X7))),X6),X8)),sin(X6)))
add(X8,div(div(sin(X7),mul(div(sin(cos(div(mul(mul(X8,div(add(X1,X6),div(sub(X6,div(sin(X8),X6)),X8))),mul(div(div(sin(X7),X6),mul(X4,X4)),sin(div(sub(X3,div(cos(cos(X8)),X8)),X2)))),X7))),X6),X8)),sin(X6)))
add(X8,div(div(sin(X7),mul(div(sin(cos(div(div(mul(sin(div(sin(div(mul(div(X8,X8),sin(X7)),X4)),cos(mul(sub(mul(X4,X8),X8),sin(X3))))),sin(X5)),X7),X7))),X6),X8)),sin(X6)))
add(X8,div(div(sin(X7),mul(div(sin(cos(div(mul(sin(div(mul(X4,X3),sub(X4,X2))),mul(div(X3,mul(cos(X2),mul(X8,X6))),sin(X8))),X7))),X6),X8)),sin(X6)))
add(X8,div(div(sin(X7),mul(div(sin(cos(X8)),X2),X8)),sin(X6)))
add(X8,div(div(sin(X7),mul(div(sin(cos(div(mul(div(X8,X6),sin(X6)),X8))),X3),X8)),sin(X6)))
add(X8,div(div(sin(X7),mul(div(sin(cos(div(mul(sin(div(sin(mul(X2,sin(X5))),X8)),sub(mul(X4,X8),div(sin(div(X8,mul(X8,X5))),mul(X6,X8)))),X7))),X2),X8)),sin(X6)))
add(X8,div(div(sin(X7),mul(div(sin(cos(div(mul(sin(div(mul(sub(sin(X6),div(sin(X8),mul(cos(div(X8,X7)),X7))),sin(X3)),div(sub(X3,div(X6,X8)),div(X3,sin(X8))))),X6),X7))),X2),X8)),sin(X6)))
add(X8,div(div(sin(X7),mul(div(sin(cos(div(mul(sin(div(mul(sub(X8,div(sin(X8),mul(X3,div(sin(X6),cos(X4))))),sin(X3)),div(sub(X3,div(cos(cos(X4)),X8)),div(X3,sin(X8))))),X6),X7))),X2),X8)),sin(X6)))
add(X8,div(div(sin(X7),mul(div(sin(cos(div(mul(sin(div(sin(mul(X4,cos(X7))),X3)),sub(mul(X4,add(sub(div(X4,X7),X2),X4)),div(sin(X8),mul(X6,cos(X7))))),X4))),X2),X8)),sin(X6)))
add(X8,div(div(sin(X7),mul(div(sin(cos(div(mul(div(div(mul(div(X3,mul(X4,X4)),add(X8,X8)),X2),mul(X8,X5)),div(div(sin(cos(div(X7,sin(cos(X4))))),mul(div(sin(mul(X4,X8)),X8),sin(div(X8,mul(X8,X5))))),sin(X3))),cos(X7)))),X2),X8)),sin(X6)))
add(X8,div(div(sin(X7),mul(div(sin(cos(div(mul(div(div(X7,X2),mul(X8,X5)),X7),cos(X7)))),X2),X8)),sin(X6)))
add(X8,div(div(sin(X7),mul(div(sin(cos(div(mul(sin(sin(div(sin(mul(X4,cos(X7))),X8))),sub(X6,sin(X6))),X4))),X2),X8)),sin(X6)))
add(X8,div(div(sin(X7),mul(div(sin(cos(div(mul(sin(div(mul(sub(X4,div(sin(X8),mul(X3,sin(X8)))),sin(X3)),div(X7,div(X3,mul(X4,X4))))),X6),X7))),X2),X8)),sin(X6)))
add(X8,div(div(sin(X7),mul(div(sin(cos(div(cos(div(mul(sin(div(sin(mul(mul(X4,X4),cos(sin(X7)))),X6)),X6),X7)),X7))),X2),X8)),sin(X6)))
add(X8,div(div(sin(X7),mul(div(sin(cos(div(mul(sin(sin(div(sin(mul(X4,cos(X7))),X8))),sub(X8,div(sin(div(X8,mul(X8,sin(X6)))),mul(X6,X8)))),X4))),X2),X8)),sin(X6)))
add(X8,div(div(sin(X7),mul(div(sin(cos(div(mul(sin(div(X7,div(X7,div(X3,mul(X4,X4))))),X6),X7))),X2),X8)),sin(X6)))
add(X8,div(div(sin(X7),mul(div(sin(cos(div(mul(sin(div(mul(X2,sin(X3)),div(sub(X3,div(cos(cos(X8)),X8)),div(X3,mul(X4,X4))))),X6),X2))),X2),X8)),sin(X6)))
add(X8,div(div(sin(X7),mul(div(sin(cos(div(mul(sin(div(sin(mul(add(sin(X8),X4),cos(cos(sin(X7))))),div(sub(X3,div(cos(cos(X8)),X8)),div(X3,mul(X4,X4))))),sub(mul(X4,X8),div(sin(div(mul(X2,cos(X7)),mul(X8,X5))),mul(X6,X8)))),X7))),X2),X8)),sin(X6)))
add(X8,div(div(sin(X7),mul(div(sin(cos(div(mul(sin(div(sin(mul(X7,cos(cos(sin(X7))))),X3)),X2),X4))),X2),X8)),sin(X6)))
add(X8,div(div(sin(X7),mul(div(sin(cos(div(mul(sin(div(sin(mul(X7,cos(cos(sin(X7))))),X3)),sub(mul(sin(X7),X8),div(sin(X8),mul(X6,X8)))),X4))),X2),X8)),sin(X6)))
add(X8,div(div(sin(X7),mul(div(sin(cos(div(mul(sin(div(mul(div(sin(sin(cos(X8))),X7),sin(X3)),div(sub(X3,div(cos(cos(X8)),X8)),X2))),X8),X7))),X2),X8)),sin(X6)))
add(X8,div(div(sin(X7),mul(div(sin(cos(div(sin(cos(div(add(X1,X6),div(sin(X3),X8)))),X2))),X2),X8)),sin(X6)))
add(X8,div(div(sin(X7),mul(div(sin(cos(div(mul(mul(div(sin(cos(div(mul(X8,div(X4,X8)),X8))),X2),add(sin(X8),X1)),sin(X3)),X4))),X2),X8)),sin(X6)))
add(X8,div(div(sin(X7),mul(div(sin(cos(div(mul(sin(div(sin(X7),div(sin(X8),X8))),sin(cos(sin(X6)))),X7))),X2),X8)),sin(X6)))
add(X8,div(div(sin(X7),mul(div(sin(cos(div(mul(sin(div(mul(sub(mul(X4,X8),X4),sin(cos(X8))),mul(div(cos(X2),X8),div(X8,sin(div(X8,X8)))))),sin(X6)),X7))),X2),X8)),sin(X6)))
add(X8,div(div(sin(X7),mul(div(sin(cos(div(mul(sin(div(mul(X6,sin(X7)),cos(div(mul(X6,add(mul(X4,X6),X7)),sin(X6))))),cos(X7)),X7))),X2),X8)),sin(X6)))
add(X8,div(div(sin(X7),mul(div(sin(cos(div(mul(div(div(mul(div(mul(add(X3,X8),cos(X7)),mul(X4,X4)),X4),X2),mul(X8,X5)),cos(mul(add(X8,sin(X6)),X5))),mul(add(X3,X8),X8)))),X2),X8)),sin(X6)))
add(X8,div(div(sin(X7),mul(div(sin(cos(div(mul(div(div(mul(div(X3,mul(X4,X4)),add(mul(X6,X8),X8)),X2),mul(X8,X7)),div(div(sin(cos(X8)),mul(cos(X7),X8)),sin(X3))),X8))),X2),X8)),sin(X6)))
add(X8,div(div(sin(X7),mul(div(sin(cos(div(mul(div(div(mul(div(mul(add(X3,X8),cos(X7)),mul(X4,X4)),X4),X2),mul(X8,X5)),cos(mul(add(div(X8,sin(X6)),X4),X5))),mul(add(X3,X8),cos(X7))))),X2),X8)),sin(X6)))
add(X8,div(div(sin(X7),mul(div(sin(cos(div(mul(sin(div(sin(mul(sin(X7),sin(X7))),mul(X6,X7))),X3),X2))),X2),X8)),sin(X6)))
add(X8,div(div(sin(X7),mul(div(sin(cos(div(mul(sin(div(sin(cos(div(mul(X6,add(mul(X4,X8),X8)),X3))),sin(X6))),div(X3,mul(X4,mul(X8,X6)))),X7))),X2),X8)),sin(X6)))
add(X8,div(div(sin(X7),mul(div(sin(cos(div(mul(sin(div(mul(div(sin(sin(cos(X8))),X7),sin(X3)),X6)),X6),X7))),X2),X8)),sin(X6)))
add(X8,div(div(sin(X7),mul(div(sin(cos(div(mul(sin(div(X6,div(sub(X7,div(cos(cos(X8)),X8)),div(X3,mul(X4,X4))))),div(sin(X8),mul(X3,X6))),X7))),X2),X8)),sin(X6)))
add(X8,div(div(sin(X7),mul(div(sin(cos(div(mul(div(div(mul(div(mul(add(X3,X8),cos(X7)),mul(X4,mul(X4,X8))),add(mul(X8,X8),X8)),X2),mul(X8,X5)),cos(mul(add(X8,X4),X5))),mul(add(cos(X2),X8),cos(X7))))),X2),X8)),sin(X6)))
add(X8,div(div(sin(X7),mul(div(sin(cos(div(mul(div(div(mul(div(mul(add(X3,X8),cos(X7)),mul(X4,X4)),X4),X2),mul(X8,X5)),cos(mul(add(div(X8,sin(X6)),X4),X5))),cos(cos(X8))))),X2),X8)),sin(X6)))
add(X8,div(div(sin(X7),mul(div(sin(cos(div(mul(div(div(mul(div(mul(add(X3,X8),cos(X7)),mul(X4,X4)),X4),X2),mul(X8,X5)),cos(X8)),mul(add(X3,X8),cos(X7))))),X2),X8)),sin(X6)))
add(X8,div(div(sin(X7),mul(div(sin(cos(div(mul(sin(div(mul(sub(add(sin(X8),X4),div(sin(X8),sub(X1,X2))),sin(X3)),div(mul(X4,X4),div(X8,mul(X8,X5))))),X6),X7))),X2),X8)),sin(X6)))
add(X8,div(div(sin(X7),mul(div(sin(cos(div(mul(div(div(mul(div(mul(add(X3,X8),cos(X7)),mul(X4,X4)),X4),X2),sin(X8)),cos(mul(add(X8,sin(X6)),X5))),mul(add(X3,X8),cos(X7))))),X2),X8)),sin(X6)))
add(X8,div(div(sin(X7),mul(div(sin(cos(div(mul(sin(div(sin(mul(sin(div(X8,X8)),cos(X7))),div(add(X1,X6),div(sub(X6,sin(X7)),X8)))),X3),X2))),X2),X8)),sin(X6)))
add(X8,div(div(sin(X7),mul(div(sin(cos(div(mul(sin(div(sin(mul(add(sin(X8),X4),X6)),X3)),mul(sin(X6),X7)),X7))),X2),X8)),sin(X6)))
add(X8,div(div(sin(X7),mul(div(sin(cos(div(mul(X8,div(mul(sin(div(sin(X3),sin(sub(add(X7,X7),div(sin(X6),X2))))),sin(mul(add(sin(X8),X1),cos(X6)))),X7)),X8))),X2),X8)),sin(X6)))
add(X8,div(div(sin(X7),mul(div(sin(cos(div(mul(sin(div(mul(div(sin(sin(cos(X8))),X7),sin(X6)),div(sub(X3,div(cos(cos(X8)),X8)),X2))),X8),X7))),X2),X8)),sin(X6)))
add(X8,div(div(sin(X7),mul(div(sin(cos(div(mul(sin(div(mul(X6,add(mul(X4,sin(X4)),X6)),cos(X8))),sin(cos(X7))),X8))),X2),X8)),sin(X6)))
add(X8,div(div(sin(X7),mul(div(sin(cos(div(mul(sin(div(mul(sin(sin(X8)),cos(X7)),div(sub(X3,div(cos(cos(X8)),X8)),div(X3,X2)))),X6),X7))),X2),X8)),sin(X6)))
add(X8,div(div(sin(X7),mul(div(sin(cos(div(mul(sin(div(mul(sin(sin(X8)),cos(X7)),div(sub(X3,div(sin(X7),X8)),div(X3,X2)))),X6),X7))),X2),X8)),sin(X6)))
add(X8,div(div(sin(X7),mul(div(sin(cos(div(sin(div(mul(sub(mul(mul(X4,X8),X8),div(sin(X8),mul(mul(mul(X8,sin(X7)),X6),X6))),sin(X3)),div(X7,div(X3,mul(X4,X4))))),X7))),X2),X8)),sin(X6)))
add(X8,div(div(sin(X7),mul(div(sin(cos(div(mul(div(cos(X2),div(sin(mul(add(sin(X8),X8),cos(X7))),sin(X6))),sin(cos(sin(X6)))),X8))),X2),X8)),sin(X6)))
add(X8,div(div(sin(X7),mul(div(sin(cos(div(mul(div(div(mul(div(sin(X8),mul(X4,X5)),div(X7,sin(sin(X8)))),cos(X4)),sin(X7)),X8),X8))),X2),X8)),sin(X6)))
add(X8,div(div(sin(X7),mul(div(sin(cos(div(mul(sin(div(sin(X6),div(sub(X3,div(cos(cos(X8)),X8)),X4))),X6),X7))),X2),X8)),sin(X6)))
add(X8,div(div(sin(X7),mul(div(sin(cos(div(mul(sin(X6),X7),X7))),X2),X8)),sin(X6)))
add(X8,div(div(sin(X7),mul(div(sin(cos(div(mul(sin(X6),X7),X7))),X2),X8)),sin(X6)))
add(X8,div(div(sin(X7),mul(div(sin(cos(cos(X7))),X2),X8)),sin(X6)))
add(X8,div(div(sin(X7),mul(div(sin(cos(div(mul(sin(div(sin(sin(X6)),cos(div(div(sin(sin(X6)),X8),X2)))),X8),X7))),X2),X8)),sin(X6)))
add(X8,div(div(sin(X7),mul(div(sin(cos(div(mul(sin(div(mul(sub(mul(X4,X8),div(sin(X8),mul(X3,div(X2,cos(X4))))),sin(X3)),div(sub(X3,div(cos(cos(X4)),X8)),X6))),X6),X7))),X2),X8)),sin(X6)))
add(X8,div(div(sin(X7),mul(div(sin(cos(div(mul(sin(div(mul(sub(mul(X4,sin(X8)),div(sin(X6),mul(X3,X6))),sin(X3)),div(sub(X3,div(sin(X7),X8)),X2))),X6),X7))),X2),X8)),sin(X6)))
add(X8,div(div(sin(X7),mul(div(sin(cos(div(mul(sin(div(sin(X6),X2)),sub(mul(X4,X8),div(sin(X8),sub(add(X6,div(X1,sin(sin(add(X1,X8))))),X5)))),X4))),X2),X8)),sin(X6)))
add(X8,div(div(sin(X7),mul(div(sin(cos(div(mul(sin(div(X2,div(sub(div(X8,X8),div(cos(cos(X6)),X8)),X2))),X6),X7))),X2),X8)),sin(X6)))
add(X8,div(div(sin(X7),mul(div(sin(cos(div(mul(sin(div(mul(sub(mul(X4,X8),div(sin(X8),mul(X3,X7))),sin(sin(X3))),div(sub(X3,div(cos(cos(X8)),X8)),div(X3,sin(X8))))),X6),X7))),X2),X8)),sin(X6)))
add(X8,div(div(sin(X7),mul(div(sin(cos(div(mul(sin(div(X2,div(sub(X4,div(cos(cos(X8)),X8)),X2))),X6),X7))),X2),X8)),sin(X6)))
add(X8,div(div(sin(X7),mul(div(sin(cos(div(mul(sin(div(sin(X8),sin(X7))),mul(div(X3,mul(X4,div(mul(X8,cos(X8)),X6))),sin(sin(X6)))),X7))),X6),X7)),sin(X6)))
add(X8,div(div(sin(X7),mul(div(sin(cos(div(mul(sin(div(sin(mul(add(sin(X8),div(sin(X8),sin(sin(X7)))),cos(X7))),X2)),sub(mul(X4,X8),div(sin(X8),mul(X3,div(mul(X6,add(mul(cos(X7),X7),X8)),sin(X6)))))),X4))),X2),X8)),sin(X6)))
add(X8,div(div(sin(X7),mul(div(sin(cos(div(div(sin(X8),X8),cos(div(mul(sin(X8),add(X5,sub(div(X2,X4),X1))),sub(X7,add(X7,X7))))))),X2),X7)),sin(X6)))
add(X8,div(div(sin(X7),mul(div(sin(cos(div(mul(sin(div(mul(sub(add(sin(X8),X4),div(mul(X8,X5),sub(X1,X2))),sin(X3)),div(mul(X4,X4),div(X3,sin(X8))))),X6),X7))),X2),X8)),sin(X6)))
add(X8,div(div(sin(X7),mul(div(sin(cos(div(mul(sin(div(X7,sin(sub(add(X8,add(div(mul(X8,X4),sin(X7)),X6)),div(sin(div(sin(X6),sin(X6))),cos(X4)))))),X6),X7))),X6),X8)),sin(X6)))
add(X8,div(div(sin(X7),mul(div(sin(cos(div(mul(sin(div(sin(mul(add(sin(X8),X4),cos(cos(sin(X4))))),X7)),sub(mul(X4,X8),div(sin(div(X8,mul(X2,X5))),mul(X6,X8)))),X7))),X8),X8)),sin(X6)))
add(X8,div(div(sin(X7),mul(div(sin(cos(div(mul(sin(div(sin(mul(add(sin(X8),X8),cos(X7))),sin(X6))),X6),sub(cos(div(X7,sin(cos(X8)))),div(X3,cos(div(mul(mul(X3,div(sin(X6),cos(X4))),X8),X2))))))),X2),X8)),sin(X6)))
add(X8,div(div(sin(X7),mul(div(sin(cos(div(cos(div(mul(sin(div(cos(X8),sin(X6))),X8),X7)),X8))),X2),add(sin(X8),X1))),sin(X6)))
add(X8,div(div(sin(X7),mul(div(sin(cos(div(sin(div(mul(X3,div(sin(X6),cos(X4))),sin(sub(add(X8,add(X1,X6)),div(sin(div(sin(X6),sin(X6))),cos(X4)))))),X8))),X2),add(sin(X8),X1))),sin(X6)))
add(X8,div(div(sin(X7),mul(div(sin(cos(div(mul(X8,div(X4,div(mul(X6,add(mul(cos(X7),X7),X8)),sin(X6)))),X8))),X2),add(sin(X8),X1))),sin(X6)))
add(X8,div(div(sin(X7),mul(div(sin(cos(div(mul(sin(div(sin(mul(sin(X7),cos(X7))),sin(X8))),X7),X2))),X8),X8)),sin(X6)))
add(X8,div(div(sin(X7),mul(div(sin(cos(div(mul(sin(div(mul(sub(mul(div(X8,X8),X8),div(X6,mul(X3,X6))),sin(X3)),div(sub(X3,div(cos(cos(X8)),X7)),X2))),div(sin(mul(sin(X7),sub(mul(X4,X8),div(sin(X8),mul(X3,X6))))),sin(X6))),X7))),X8),X8)),sin(X6)))
add(X8,div(div(sin(X7),mul(div(sin(cos(div(div(X4,X8),X4))),X8),X8)),sin(X6)))
add(X8,div(div(sin(X7),mul(div(sin(cos(sin(div(X2,mul(X8,X5))))),X8),X8)),sin(X6)))
add(X8,div(div(sin(X7),mul(div(sin(cos(div(div(div(sin(X7),mul(X6,X8)),sin(X6)),X7))),X2),X2)),sin(X6)))
add(X8,div(div(sin(X7),mul(div(sin(cos(div(mul(X8,sin(X6)),X8))),X2),add(sin(X8),X1))),sin(X6)))
add(X8,div(div(sin(X7),mul(div(sin(cos(div(mul(sin(div(sin(mul(div(sin(X3),mul(X3,X6)),cos(cos(sin(X7))))),X7)),sub(mul(X4,X8),div(sin(div(X8,mul(X2,X5))),mul(X6,X8)))),X7))),X2),X3)),sin(X6)))
add(X8,div(div(sin(X7),mul(div(sin(cos(div(add(cos(div(X4,X8)),X6),div(sin(X3),X8)))),X2),X8)),sin(X6)))
add(X8,div(div(sin(X7),mul(div(sin(cos(div(mul(sin(div(mul(sub(mul(X4,X8),sin(X7)),sin(X3)),div(sub(X3,div(cos(cos(X8)),sin(X6))),div(X7,cos(add(X3,div(X3,cos(X6)))))))),X6),X7))),X2),X3)),sin(X6)))
add(X8,div(div(sin(X7),mul(div(sin(cos(div(mul(sin(X8),sin(div(X4,mul(X8,X4)))),X8))),X2),X6)),sin(X6)))
add(X8,div(div(sin(X7),mul(div(sin(cos(div(mul(div(sin(X7),mul(div(sin(cos(div(mul(X8,X8),add(X6,X4)))),X2),X8)),X6),sub(cos(div(X7,sin(cos(X8)))),div(X3,cos(div(mul(sin(sin(X7)),X3),X2))))))),X2),X8)),sin(X6)))
add(X8,div(div(sin(X7),mul(div(sin(cos(div(mul(sin(div(cos(X8),sin(X6))),X8),X7))),X2),X3)),sin(X6)))
add(X8,div(div(sin(X7),mul(div(sin(cos(div(mul(X7,sin(div(mul(div(X8,sin(X6)),div(sin(X7),X8)),cos(mul(div(add(X8,X4),X2),X8))))),X7))),X2),X2)),sin(X6)))
add(X8,div(div(sin(X7),mul(div(sin(cos(div(mul(sin(div(sin(mul(X4,X7)),X3)),sub(mul(X4,X8),div(sin(X8),mul(X6,X6)))),X4))),X2),X8)),sin(X6)))
add(X8,div(div(sin(X7),mul(div(sin(cos(div(mul(sin(X8),X8),mul(add(X5,div(X1,X6)),div(sin(cos(mul(div(mul(div(sin(X8),sin(X6)),X5),X8),sin(sin(X7))))),X8))))),X2),X8)),sin(X6)))
add(X8,div(div(sin(sin(X7)),mul(div(sin(cos(div(mul(div(cos(X2),X8),sin(cos(sin(X6)))),X8))),X2),X8)),sin(X6)))
add(X8,div(div(sin(X7),mul(div(sin(cos(div(mul(sin(div(sin(mul(add(sin(X8),X4),cos(cos(sin(X7))))),X7)),sub(X2,div(sin(div(X8,mul(X8,X5))),mul(X6,X8)))),cos(sin(sub(X3,sin(X8))))))),X2),X8)),sin(X6)))
add(X8,div(div(sin(X7),mul(div(sin(cos(div(mul(sin(div(sin(mul(add(sin(X8),X4),cos(cos(sin(X7))))),X7)),sub(X2,div(sin(div(X8,mul(X7,X5))),X2))),cos(sin(sub(X3,sin(X8))))))),X2),X8)),sin(X6)))
add(X8,div(div(sin(X7),mul(div(sin(X1),X2),add(mul(cos(X7),X7),X8))),sin(X6)))
add(X8,div(div(sin(X7),mul(div(sin(cos(div(X8,X7))),X8),add(X2,X8))),sin(X6)))
add(X8,div(div(sin(X7),mul(div(sin(cos(div(add(sin(X8),X4),sin(X6)))),X2),X8)),sin(X6)))
add(X8,div(div(sin(X8),mul(div(sin(cos(div(mul(sin(div(sin(mul(X4,cos(X7))),X3)),sub(mul(X4,X8),div(sin(X8),mul(X6,X2)))),X4))),X2),X8)),sin(sin(div(mul(sub(mul(X4,X1),div(sin(X8),mul(X8,X6))),sin(X3)),div(sub(X3,div(cos(cos(X8)),X8)),div(X3,mul(X4,X4))))))))
add(X8,div(div(sin(X7),mul(div(sin(mul(sub(cos(div(X7,X3)),div(div(sin(X8),X8),cos(div(mul(X7,add(div(X8,mul(X8,X5)),sub(sin(sin(X6)),X1))),sub(X7,add(add(X1,X6),X7)))))),sub(X7,add(add(mul(div(X3,sin(X8)),X5),X6),X3)))),X2),X8)),sin(X6)))
add(X8,div(div(sin(mul(X6,X8)),mul(div(sin(cos(X8)),X2),X8)),sin(X6)))
add(X8,div(div(sin(X7),mul(div(sin(cos(div(mul(sin(div(sin(mul(X4,cos(X7))),X3)),sub(mul(X4,X8),div(sin(X8),mul(X6,X2)))),X4))),X2),X8)),sin(sin(div(mul(sub(mul(X2,X1),div(sin(X8),mul(X8,X6))),sin(X3)),div(sub(X3,div(cos(cos(X8)),X8)),div(X3,mul(X4,X4))))))))
add(X8,div(div(sin(X7),mul(div(sin(cos(div(mul(sin(div(sin(mul(add(sin(X8),X1),cos(X6))),X3)),X4),sin(sin(cos(div(mul(div(div(sin(X8),sin(X6)),X3),div(sin(X8),mul(sin(X8),sin(cos(X7))))),sub(mul(div(X8,X8),X8),X1)))))))),X4),X8)),div(mul(sin(add(add(sub(div(X4,X1),X5),X4),sub(X7,sin(div(X8,X8))))),X6),X8)))
add(X8,div(div(sin(X7),mul(div(sin(cos(X2)),X3),X8)),sin(X3)))
add(X8,div(div(sin(X6),mul(div(sin(cos(div(mul(X7,X6),X7))),X2),X8)),sin(X6)))
add(X8,div(div(sin(X6),mul(div(sin(cos(div(X8,div(sin(X8),X2)))),X2),X6)),sin(X6)))
add(X8,div(div(sin(X7),mul(div(sin(cos(div(mul(mul(sin(div(mul(sub(mul(div(X3,mul(X4,X4)),X8),mul(X5,mul(mul(X3,X7),X1))),sin(X3)),div(sub(X3,div(cos(cos(X8)),X6)),X2))),X6),X6),X7))),X2),X8)),sin(X6)))
add(X8,div(div(sin(X7),mul(div(sin(cos(div(mul(sin(sin(div(sin(mul(X4,cos(X7))),X8))),sub(mul(X4,X8),div(sin(div(X8,mul(X8,sin(X6)))),mul(X6,X8)))),X4))),X2),X8)),sin(mul(sin(div(mul(sub(mul(X4,X8),div(sin(X8),mul(X3,X6))),sin(X3)),div(sub(X3,div(cos(cos(X8)),X8)),X2))),X6))))
add(X8,div(div(sin(X7),mul(div(sin(X4),X2),X8)),sin(X6)))
add(X8,div(div(sin(X7),mul(div(sin(cos(div(cos(div(mul(sin(div(sin(X8),sin(X6))),X7),X7)),X4))),X2),X8)),sin(div(mul(X1,sin(X3)),div(sub(X3,div(cos(cos(sin(X3))),X8)),X2)))))
add(X8,div(div(sin(X7),mul(div(sin(sin(X7)),X2),X8)),sin(div(mul(sin(div(sin(mul(add(mul(X8,X5),X4),cos(X7))),cos(div(div(sin(sin(X6)),X8),X2)))),X6),X7))))
add(X8,div(div(sin(X6),mul(div(sin(cos(div(mul(sin(sin(div(sin(mul(add(X3,X6),X7)),X8))),sub(mul(X4,X8),div(sin(div(X8,mul(X8,X5))),mul(X6,X8)))),X4))),X2),X8)),sin(X6)))
add(X8,div(div(sin(X7),mul(div(sin(cos(div(mul(sin(div(sin(mul(add(sin(X8),X4),cos(cos(sin(mul(X4,X8)))))),X7)),sub(mul(X4,X8),div(sin(div(X8,mul(X8,X5))),mul(X6,X8)))),X7))),X2),X8)),sin(sin(X7))))
add(X8,div(div(sin(X7),mul(div(sin(mul(X8,div(X4,X8))),X2),X3)),sin(X6)))
add(X8,cos(mul(X8,sub(X4,X6))))
add(X8,div(div(sin(X7),mul(div(sin(cos(div(mul(sin(div(mul(sub(mul(X4,X8),div(sin(X8),mul(X3,X7))),sin(X3)),div(sub(X3,div(cos(cos(X8)),X8)),div(X3,sin(X8))))),X6),X7))),X2),X8)),sin(X7)))
add(X8,div(div(sin(X6),mul(div(sin(cos(div(mul(sin(div(mul(sub(mul(X4,X8),X7),sin(X8)),div(X7,div(X3,mul(X4,X4))))),X6),X7))),X2),X8)),sin(X6)))
add(X8,div(div(sin(X6),mul(div(sin(cos(cos(div(mul(sin(div(sin(mul(sin(X7),sub(mul(X4,X8),div(X6,mul(X3,X6))))),sin(X6))),X7),X7)))),X2),X8)),sin(X6)))
add(X8,div(div(sin(X7),mul(div(sin(cos(div(mul(sin(div(X8,X3)),X6),X7))),X2),X8)),sin(X7)))
add(X8,div(div(sin(X7),mul(div(sin(cos(div(mul(div(sin(cos(div(mul(sin(div(sin(X3),sin(X6))),mul(mul(div(X7,X2),cos(X2)),div(X8,X7))),X7))),X6),X6),X7))),add(X8,X5)),X8)),sin(X7)))
add(X8,div(div(sin(X6),mul(div(sin(cos(div(mul(sin(div(mul(sub(mul(X4,X8),X7),sin(X6)),div(sub(X3,div(cos(cos(X8)),X8)),div(X3,mul(X4,X4))))),X6),X7))),X2),X8)),sin(X6)))
add(X8,div(div(sin(X7),mul(div(sin(cos(div(cos(div(div(div(sin(X6),X5),sin(X6)),sin(X7))),X8))),X2),X8)),sin(div(sub(X3,div(X6,X8)),X2))))
add(X8,div(div(sin(X7),mul(div(sin(cos(div(mul(sin(div(sin(mul(X7,cos(cos(sin(X7))))),X3)),sub(mul(sin(X7),X8),div(sin(div(X8,sin(sin(X8)))),mul(X6,X8)))),X4))),X2),X8)),sin(div(X8,X8))))
add(X8,div(div(sin(X7),mul(div(sin(cos(div(mul(sin(div(mul(sub(mul(X6,X8),div(sin(X8),mul(X3,X6))),sin(X3)),div(sub(X3,div(cos(cos(X8)),X8)),div(X3,mul(X4,X4))))),X6),X2))),X2),X8)),div(div(sin(X7),mul(div(sin(cos(div(X8,X7))),X2),X8)),sin(X6))))
add(X8,div(div(sin(X7),mul(div(sin(cos(div(mul(sin(div(cos(div(mul(add(sin(X8),X4),add(X2,X8)),sin(X6))),sin(sin(X6)))),X6),X7))),X2),X3)),mul(div(sin(cos(div(mul(sin(div(sin(mul(X2,cos(X7))),cos(sin(cos(sin(X6)))))),sin(cos(X7))),X7))),X2),X8)))
add(X8,sin(X6))
add(X8,div(div(sin(X7),mul(div(mul(sin(div(sin(cos(div(mul(X6,add(mul(X4,X8),X8)),X6))),sin(X8))),X3),X7),X8)),sin(X6)))
add(X8,div(div(sin(X7),mul(div(sin(cos(div(mul(sin(div(sin(mul(X2,sin(X7))),X8)),sub(mul(X4,X8),div(sin(X8),mul(X6,X8)))),X7))),sin(cos(div(X8,mul(X8,X5))))),X8)),sin(X6)))
add(X8,div(div(div(sin(X7),X2),mul(div(sin(cos(div(sin(sin(cos(div(mul(div(div(sin(X8),sin(X6)),X8),sin(X8)),X3)))),X8))),X2),X8)),sin(X6)))
add(X8,div(div(sin(X7),mul(div(sin(cos(div(mul(sin(X7),X6),X7))),sin(cos(div(mul(sin(div(sin(mul(add(sin(X8),X4),cos(cos(sin(mul(X4,X8)))))),X7)),sub(mul(X4,X8),div(sin(div(X8,mul(X8,X5))),mul(X6,X8)))),X7)))),X8)),sin(X6)))
add(X8,div(div(sin(X7),mul(div(X7,X3),X8)),sin(X6)))
add(X8,div(div(sin(X7),mul(div(X2,X5),X8)),sin(X6)))
add(X8,div(div(sin(X7),mul(div(X2,X2),X8)),sin(X6)))
add(X8,div(div(sin(X7),X8),sin(X6)))
add(X8,div(div(sin(X7),mul(div(X8,X2),X3)),sin(X6)))
add(X8,div(div(sin(X7),X1),sin(X6)))
add(X8,div(div(sin(X7),X2),sin(X6)))
add(X8,div(div(sin(X7),mul(div(X6,X6),X6)),sin(X6)))
add(X8,div(div(mul(sin(div(sin(X3),sin(sub(add(X8,add(X1,X6)),div(sin(X6),cos(X4)))))),mul(div(X3,mul(X4,X4)),X6)),mul(div(X6,X2),X8)),sin(X6)))
add(X8,div(div(sin(X7),mul(div(X5,X2),X6)),sin(X6)))
add(X8,div(div(sin(X7),mul(X6,div(X7,X8))),sin(X6)))
add(X8,div(div(sin(mul(sub(X4,div(sin(X8),mul(X3,sin(mul(X3,X5))))),sin(X3))),X7),sin(X6)))
add(X8,div(div(sin(X7),mul(div(sin(cos(div(mul(sin(div(sin(X3),sin(sub(add(X8,add(X1,X6)),div(X8,cos(X4)))))),mul(div(X3,mul(X4,X4)),sin(X6))),X7))),sin(div(mul(mul(X8,cos(div(X8,X8))),X8),X7))),X7)),sin(X6)))
add(X8,div(div(sin(X7),mul(div(sin(cos(div(mul(div(div(mul(X6,add(mul(X8,X5),sin(X6))),X8),mul(X8,X5)),div(div(mul(X6,sin(cos(sin(X8)))),X8),sin(X3))),sin(X7)))),X5),X8)),X6))
add(X8,div(div(sin(X7),mul(div(sin(cos(div(mul(sin(div(sin(mul(add(sin(X8),X1),cos(X6))),X3)),sin(cos(div(X4,X8)))),div(mul(X3,X6),sin(div(mul(mul(X8,X7),X8),X7)))))),X4),X8)),mul(sin(div(mul(sub(mul(X4,X8),div(sin(X8),mul(X3,X7))),sin(X3)),div(sub(X3,div(cos(cos(X8)),X8)),div(X3,sin(X8))))),X6)))
add(X8,div(div(sin(X7),mul(div(sin(cos(div(mul(sin(sin(div(sin(mul(X4,cos(X7))),X8))),sub(mul(X4,X8),div(sin(div(X8,mul(X8,sin(X6)))),mul(X6,X8)))),X4))),X2),X8)),div(mul(sin(div(sin(mul(X2,sin(X7))),X8)),sub(mul(X4,X8),div(sin(div(X8,mul(div(X2,X3),X5))),mul(X6,X8)))),sin(X7))))
add(X8,div(div(sin(X7),mul(div(sin(cos(div(mul(sin(div(X7,div(sub(div(X8,X8),div(cos(cos(X8)),X8)),X2))),X6),X7))),X2),X8)),X8))
add(X8,div(div(sin(X7),mul(div(sin(cos(div(mul(sin(div(sin(mul(sin(X7),cos(X7))),sin(X6))),X7),X2))),X8),X8)),X8))
add(X8,div(div(sin(X7),mul(div(sin(cos(div(mul(sin(div(sin(mul(sin(X6),cos(X7))),sin(X6))),X3),X2))),X2),X8)),X6))
add(X8,div(div(sin(X7),mul(div(sin(cos(div(mul(sin(div(sin(mul(X4,cos(X7))),X3)),sub(mul(X4,add(sub(div(X4,X7),X2),X4)),div(sin(X8),mul(X6,X8)))),X4))),X2),X8)),X8))
add(X8,div(div(sin(X7),mul(div(sin(cos(div(mul(sin(div(mul(div(sin(sin(cos(X8))),X7),sin(X3)),div(sub(X3,div(cos(cos(X8)),X8)),X2))),X8),X7))),X2),X8)),X8))
add(X8,div(div(sin(X7),mul(div(sin(cos(div(cos(div(mul(sin(div(sin(mul(mul(X4,X4),cos(sin(X7)))),div(X8,sin(sin(sin(X1)))))),X6),X7)),X7))),X2),X8)),X8))
add(X8,div(div(sin(X7),mul(div(sin(cos(div(X7,X8))),X2),X3)),X2))
add(X8,div(div(sin(X7),mul(div(sin(cos(cos(div(mul(sin(div(sin(mul(sin(X7),sub(mul(X4,X8),div(sin(X8),X8)))),sin(X6))),X7),X7)))),X2),X8)),X3))
add(X8,div(div(sin(X7),mul(div(sin(cos(div(mul(sin(div(mul(sub(mul(X4,X6),div(sin(X8),mul(X8,X2))),sin(X7)),div(sub(X3,div(cos(cos(X8)),X8)),div(X3,mul(X4,X4))))),X8),X7))),X2),X8)),X3))
add(X8,div(div(sin(X7),mul(X8,X8)),sin(X6)))
add(X8,div(div(sin(X7),mul(X7,X4)),sin(X6)))
add(X8,div(div(sin(X7),mul(div(X6,X5),X8)),X6))
add(X8,div(div(sin(X7),mul(div(X2,sin(X5)),X8)),sin(X6)))
add(X8,div(div(div(sin(X8),mul(X3,X6)),mul(div(sin(cos(div(mul(sin(div(sin(mul(mul(X4,X8),cos(cos(sin(X7))))),X3)),X8),X7))),X2),X8)),sin(X6)))
add(X8,div(div(div(sin(X8),mul(X3,X6)),mul(div(mul(div(sin(cos(div(mul(sin(X7),mul(X8,sin(div(X8,X4)))),X7))),X6),X8),X2),X8)),sin(X6)))
add(X8,div(div(sin(X7),mul(div(sin(cos(div(mul(sin(div(cos(X8),sin(X6))),X8),X7))),X2),X3)),X6))
add(X8,div(div(sin(X7),mul(div(X6,X2),X8)),sin(sin(div(sin(mul(cos(X7),X1)),sin(div(cos(X2),X8)))))))
add(X8,div(div(sin(X7),mul(div(sin(cos(div(X8,X7))),X2),X8)),X5))
add(X8,div(div(sin(X7),mul(div(sin(cos(div(mul(sin(div(mul(sub(mul(X4,X8),X4),sin(cos(X8))),sin(X7))),X6),X7))),X2),X8)),X6))
add(X8,div(div(sin(X7),mul(div(sin(cos(div(mul(sin(div(sin(mul(add(sin(X8),X4),cos(X7))),X8)),sub(mul(X4,X7),div(X6,mul(X6,X8)))),X4))),X2),X8)),X5))
add(X8,div(div(sin(X7),mul(div(sin(cos(div(mul(sin(div(sin(mul(add(X8,X4),cos(cos(sin(X7))))),X7)),sub(mul(X4,X5),X8)),X7))),X2),X8)),X8))
add(X8,div(div(sin(X7),mul(div(sin(mul(sub(cos(div(X6,sin(X6))),div(div(sin(X8),X8),cos(div(mul(sin(X8),add(X5,sub(X2,X1))),sub(X7,add(X7,X7)))))),sub(X7,add(add(mul(div(X3,sin(X8)),X5),X6),X7)))),sin(X6)),X8)),sin(sin(X6))))
add(X8,div(div(sin(X7),add(cos(sin(X7)),X1)),div(sin(X7),mul(div(sin(cos(div(mul(X8,div(X8,div(sin(X3),X8))),X8))),X2),X8))))
add(X8,div(div(sin(X7),mul(div(sin(cos(div(mul(sin(div(mul(sin(sin(X8)),X7),div(sub(X3,div(cos(cos(X8)),X8)),X4))),X6),X7))),X2),X8)),mul(sin(sin(X8)),X7)))
add(X8,div(sin(div(sin(cos(div(X8,X8))),X2)),sin(X6)))
add(X8,div(div(sin(X7),mul(div(sin(X7),mul(div(sin(cos(div(X2,X6))),X2),X8)),X8)),sin(X6)))
add(X8,div(div(sin(cos(div(mul(sin(div(mul(X4,X3),sub(X4,X2))),mul(X3,sin(X8))),X7))),X6),sin(X6)))
add(X8,div(div(sin(X7),mul(div(sin(cos(div(mul(sin(div(sin(mul(add(sin(X8),X4),cos(cos(sin(X7))))),X7)),sub(mul(X4,X8),div(sin(div(X8,mul(X2,X5))),mul(X6,X8)))),X7))),X8),div(X5,div(add(cos(X3),cos(X2)),X7)))),sin(X6)))
add(X8,div(div(X7,mul(X3,X8)),sin(X6)))
add(X8,div(div(sin(X7),mul(sin(X7),X8)),sin(X6)))
add(X8,div(div(sin(X7),mul(sin(X7),X8)),sin(X6)))
add(X8,div(div(div(sin(cos(div(mul(sin(div(X4,div(sub(X3,div(X6,X8)),div(X3,sin(X8))))),X6),X7))),X2),mul(div(sin(cos(div(add(X1,X6),div(sin(X3),X8)))),X2),X8)),sin(X6)))
add(X8,div(div(sin(div(X6,sin(X6))),mul(mul(div(sin(cos(div(mul(X8,cos(X8)),X6))),X8),X8),X8)),sin(X6)))
add(X8,div(div(div(sin(cos(div(X4,X8))),X8),mul(div(sin(mul(sub(cos(div(X6,sin(X6))),div(div(sin(X8),X8),cos(div(mul(sin(X8),add(X5,sub(div(X2,X4),X1))),sub(X7,add(X7,X7)))))),sub(X7,add(add(mul(div(X3,sin(X8)),X5),X6),X7)))),X6),X8)),sin(sin(X6))))
add(X8,mul(div(sin(cos(div(mul(sin(div(sin(mul(sin(X7),div(sin(X3),X8))),sin(X6))),X7),X2))),X8),X8))
add(X8,div(div(sin(X7),mul(div(mul(sin(div(mul(sub(mul(X4,X8),div(sin(X8),mul(X3,X6))),cos(div(mul(add(sin(X8),X4),add(X2,X8)),sin(X6)))),div(cos(div(mul(sin(div(sin(mul(X4,cos(X7))),X3)),X5),X4)),X2))),X6),X5),X8)),sin(X6)))
add(X8,sin(X7))
add(X8,div(div(sin(X7),div(div(sin(X7),mul(div(sin(cos(div(X8,X8))),X2),X4)),sin(X6))),sin(X6)))
add(X8,div(div(sin(X7),mul(div(sin(cos(div(mul(sin(div(mul(sub(mul(X4,X8),div(sin(X8),mul(X3,X6))),sin(X3)),div(sub(X3,div(cos(cos(X8)),X8)),X2))),X6),X7))),X2),X3)),mul(div(sin(cos(div(mul(sin(div(sin(mul(X2,cos(X7))),cos(sin(cos(sin(X6)))))),sin(cos(X7))),X7))),X2),X8)))
add(X8,sin(mul(mul(cos(X5),div(X5,add(X5,add(div(add(X1,X4),sin(add(X7,X4))),X5)))),sub(X5,X7))))
add(X8,div(div(sin(X6),mul(div(sin(cos(div(X8,X8))),X7),X6)),sin(X6)))
add(X8,div(div(sin(X7),mul(div(sin(cos(div(mul(div(cos(X8),mul(X4,X3)),div(X7,sin(sin(X8)))),X7))),sub(add(X7,sin(X6)),X3)),X8)),sin(X6)))
add(X8,div(div(div(sin(X7),mul(div(sin(cos(div(mul(sin(div(mul(sub(mul(X4,X8),div(sin(X8),mul(X3,X6))),sin(X1)),div(sub(X3,div(cos(cos(X8)),X8)),X2))),X5),X7))),X2),X8)),mul(sin(X6),X8)),sin(X6)))
add(X8,div(div(sin(X7),mul(div(mul(div(sin(cos(div(mul(sin(div(sin(X3),sin(X7))),X8),X7))),X6),X3),X2),X8)),sin(sub(mul(X4,X8),div(sin(X8),mul(X6,sin(X6)))))))
add(X8,div(div(sin(X7),mul(div(sin(cos(div(mul(sin(div(sin(mul(add(sin(X8),X1),cos(X6))),X3)),X4),sin(sin(cos(div(mul(sin(sin(sin(X7))),div(sin(X8),mul(X3,X6))),sub(mul(div(X8,X8),X8),X1)))))))),X4),X8)),sin(X8)))
add(X8,div(div(cos(X7),mul(div(sin(cos(div(X8,X7))),X2),X2)),sin(X6)))
add(X8,div(div(sin(X7),mul(div(sin(cos(div(mul(sin(div(sin(X3),sin(X8))),mul(X8,sin(mul(add(sin(X8),X4),cos(X7))))),div(mul(sin(div(sin(mul(sin(div(X8,X8)),cos(X7))),sin(X6))),X3),X2)))),X6),X8)),sin(X6)))
add(X8,div(div(sin(X7),mul(div(sin(cos(mul(sin(X6),X7))),X7),X8)),sin(X6)))
add(X8,div(div(sin(X7),mul(div(sin(cos(div(mul(sin(div(sin(mul(add(sin(X8),X4),cos(cos(sin(X7))))),X3)),sub(mul(sin(X6),X8),div(X7,mul(X6,X8)))),X7))),X2),X8)),sin(X8)))
add(X8,div(div(sin(X7),mul(div(sin(cos(div(mul(sin(div(sin(X3),sin(X8))),mul(X8,sin(mul(add(sin(X8),X4),cos(X7))))),X8))),X6),X8)),sin(sin(X8))))
add(X8,div(div(sin(X7),mul(div(sin(cos(div(mul(sin(div(sin(mul(add(X6,X4),cos(cos(sin(X7))))),X3)),sub(mul(X4,X8),div(X7,mul(X6,X8)))),X7))),X2),X8)),sin(X8)))
add(X8,div(div(sin(X7),mul(div(sin(cos(div(mul(sin(div(sin(mul(sin(X7),cos(cos(sin(X7))))),X3)),sub(mul(X4,X8),div(sin(div(X8,mul(X8,X5))),mul(X6,X8)))),X7))),X2),X8)),sin(X8)))
add(X8,div(div(sin(X7),mul(div(sin(cos(div(mul(sin(div(mul(sub(mul(X4,X8),X7),sin(X3)),div(sub(X8,div(cos(cos(X8)),X8)),div(X3,mul(X4,X4))))),X6),X7))),X2),X8)),sin(sin(sin(div(mul(X6,sin(X7)),cos(div(mul(X6,add(mul(X4,X6),X7)),sin(X6)))))))))
add(X8,div(div(sin(X7),mul(div(sin(cos(div(mul(sin(div(mul(sub(mul(X6,X8),div(sin(X8),X5)),sin(X3)),div(sub(div(X3,mul(X4,X4)),div(cos(cos(X8)),X8)),div(X3,mul(X4,X4))))),X6),X7))),X2),X8)),sin(sin(X8))))
add(X8,div(div(sin(X7),mul(div(sin(cos(div(mul(sin(div(mul(X6,sin(X7)),cos(div(mul(X6,add(mul(X4,X6),X7)),sin(X6))))),X7),X7))),X2),X8)),sin(X4)))
add(X8,div(div(cos(div(mul(sin(div(mul(sub(mul(X4,X8),X7),sin(X3)),div(sub(X3,div(cos(cos(X8)),X8)),div(X3,sin(X8))))),X6),X7)),mul(div(sin(cos(div(mul(sin(div(mul(sub(mul(X4,X8),div(sin(X8),sin(X6))),sin(X3)),div(sub(X3,div(cos(cos(X8)),X8)),div(X3,sin(X8))))),X6),X7))),X2),X8)),sin(X6)))
add(X8,div(sin(div(X3,X6)),sin(X6)))
add(X8,div(div(cos(cos(X8)),mul(div(sin(cos(div(sin(X7),X4))),X2),X8)),sin(X6)))
add(X8,div(div(sin(X5),mul(div(sin(cos(div(add(X1,X6),div(sin(X3),X2)))),X2),X8)),sin(X6)))
add(X8,div(div(sin(X7),mul(div(sin(mul(sub(cos(div(X7,X3)),div(mul(add(sin(X8),X4),cos(cos(sin(X7)))),cos(div(mul(X7,add(div(X8,mul(X8,X5)),sub(sin(sin(X6)),X1))),sub(X7,add(add(X1,X6),X7)))))),sub(X7,X7))),X2),X8)),sin(X6)))
add(X8,div(div(X6,X6),sin(X6)))
add(X8,div(div(sin(X7),mul(div(sin(mul(sub(cos(div(sin(X6),sin(X6))),div(div(sin(X8),X8),cos(div(mul(sin(X8),add(X5,sub(div(X2,X4),X1))),sub(X7,add(X7,X7)))))),sub(X7,add(add(mul(div(X3,sin(X8)),X5),X6),X7)))),X6),X8)),sin(sin(X6))))
add(X8,div(div(sin(X7),mul(div(sin(X7),X5),X8)),sin(X6)))
add(X8,div(div(sin(sin(X3)),mul(div(sin(cos(div(mul(sin(div(sin(mul(add(sin(X8),mul(div(sin(X8),X8),add(sin(X8),X4))),X4)),X3)),X3),X7))),X4),X8)),sin(X6)))
add(X8,div(div(sin(X7),mul(div(sin(sin(X7)),X2),X6)),sin(X6)))
add(X8,div(div(sin(X8),mul(div(sin(cos(div(mul(sin(div(mul(sub(mul(X4,X8),div(sin(X6),mul(div(X8,X2),X8))),sin(cos(sin(mul(X8,X5))))),X5)),X6),X7))),X2),X8)),sin(X6)))
add(X8,div(div(sin(X7),mul(div(sin(cos(div(X2,X8))),X6),X8)),sin(X2)))
add(X8,div(div(sin(X7),mul(div(sin(cos(div(mul(div(div(mul(X8,add(mul(X8,X5),X8)),X2),sin(X7)),X6),X8))),X2),X8)),sin(X3)))
add(X8,div(div(sin(mul(cos(div(X8,sin(X6))),X1)),mul(div(sin(cos(div(add(sin(X8),X4),X3))),X2),X8)),sin(X6)))
add(X8,div(div(sin(sin(X3)),mul(div(mul(div(sin(cos(div(mul(sin(X1),X8),X7))),X6),X3),X2),X8)),sin(X6)))
add(X8,div(div(sin(X7),mul(div(sin(mul(sub(cos(div(X6,sin(X6))),div(div(sin(X8),X8),cos(div(mul(sin(X8),add(X5,sub(X2,X7))),sub(X7,add(X7,X7)))))),sub(X7,add(add(mul(div(X3,sin(X8)),X5),X6),X7)))),X6),X8)),sin(sin(X6))))
add(X8,div(div(sin(X7),mul(div(sin(cos(div(mul(mul(sin(div(mul(sub(mul(div(X3,mul(X4,X4)),X8),mul(X5,mul(mul(X3,X7),X1))),sin(X3)),div(sub(X3,div(cos(cos(X1)),X8)),X2))),X6),X6),X7))),X2),X8)),sin(X6)))
add(X8,div(div(sin(X7),mul(div(sin(cos(div(mul(X8,div(X8,sin(cos(div(X8,X7))))),X8))),X2),X8)),sin(X6)))
add(X8,div(div(sin(X7),mul(div(sin(mul(sub(cos(div(X6,sin(X6))),div(div(sin(X8),X8),cos(div(mul(sin(X8),add(X5,sub(div(X2,X7),X1))),sub(X7,add(X7,X7)))))),sub(X7,add(add(mul(div(X3,sin(X8)),X5),X6),add(add(mul(div(X3,sin(X8)),X5),X6),X7))))),X6),X8)),sin(sin(X6))))
add(X8,div(div(cos(X8),mul(div(sin(cos(div(mul(mul(sin(div(mul(sub(mul(div(X3,mul(X4,X4)),X8),mul(X5,mul(mul(X3,X7),X1))),sin(X3)),div(sub(X3,div(cos(cos(X8)),X8)),X2))),X6),X6),X7))),X2),X8)),sin(X6)))
add(X8,div(div(sin(X1),mul(div(sin(cos(div(cos(div(mul(sin(div(sin(X8),sin(X6))),X7),X7)),X4))),X2),X8)),sin(mul(sin(cos(X7)),sin(X8)))))
add(X8,div(div(div(sin(X7),mul(div(sin(sin(cos(div(X4,X8)))),X2),X8)),mul(div(sin(cos(div(mul(sin(add(add(sub(div(X4,X7),X5),X4),sub(X7,cos(X2)))),X7),X8))),X2),X8)),sin(X2)))
add(X8,div(div(sin(X7),mul(div(sin(mul(sub(sin(div(cos(div(mul(X6,add(mul(cos(X7),X7),X8)),sin(X6))),sin(X1))),div(div(sin(X8),X8),cos(div(mul(sin(X8),add(div(X7,mul(X8,X5)),X8)),sin(X8))))),sub(X7,add(add(mul(div(X3,sin(X8)),X5),X6),X7)))),X2),X8)),sin(X6)))
add(X8,div(div(sin(X7),mul(div(sin(cos(div(add(X6,div(X6,sin(X6))),X2))),X8),X8)),sin(X6)))
add(X8,div(div(sin(X7),mul(div(sin(sin(sin(X6))),X8),X8)),sin(X5)))
add(X8,div(div(cos(div(mul(sin(div(sin(sin(X6)),sin(X6))),X7),X2)),mul(div(sin(cos(div(X8,sin(X7)))),X2),X6)),sin(X6)))
add(X8,div(div(div(sin(X7),mul(div(sin(cos(div(mul(sin(div(mul(sub(mul(X4,X8),div(sin(X8),mul(X3,X6))),sin(X1)),div(sub(X3,div(cos(cos(X8)),X8)),X2))),X5),X7))),X2),X8)),mul(div(sin(mul(mul(cos(X5),X1),mul(mul(X8,add(sin(X4),X2)),cos(sub(add(cos(mul(X2,add(cos(X8),cos(mul(X7,X4))))),mul(add(X4,add(X2,X2)),X7)),X7))))),X2),X8)),sin(sin(cos(div(X4,X7))))))
add(X8,div(div(sin(X7),mul(div(cos(add(div(X6,add(add(X1,X3),sin(X4))),X3)),X2),X8)),sin(sin(X6))))
add(X8,div(div(sin(X7),mul(div(sin(cos(div(X7,sin(X6)))),X2),X3)),sin(X6)))
add(X8,div(div(sin(X7),mul(div(sin(cos(div(mul(sin(div(mul(cos(X7),sin(X3)),div(sub(X3,div(cos(cos(X8)),X8)),div(X7,cos(add(X3,div(X3,cos(X6)))))))),X6),sin(X7)))),X2),X3)),sin(X6)))
add(X8,div(div(sin(X7),mul(div(sin(sin(div(sin(X3),sin(sub(add(X8,sin(mul(X4,X4))),div(X7,cos(X4))))))),X2),X8)),sin(X6)))
add(X8,div(div(sin(X7),mul(div(sin(cos(div(mul(sin(div(cos(X8),sin(X6))),X8),mul(div(div(sin(X8),sin(X6)),X8),sin(X8))))),X2),X3)),sin(X6)))
add(X8,div(div(sin(X7),mul(div(sin(mul(sub(cos(div(X6,sin(X6))),div(div(sin(X8),X8),cos(div(mul(sin(X8),add(X5,sub(div(X2,X4),X1))),sub(X7,add(X7,X7)))))),sub(X7,add(sin(X7),X7)))),X6),X8)),sin(sin(X6))))
add(X8,div(div(sin(X7),mul(div(sin(cos(div(mul(sin(div(X2,div(sub(div(X8,X8),div(cos(cos(X8)),X8)),X2))),X6),div(mul(sin(div(sin(mul(sin(X7),sub(mul(X4,X8),div(X6,mul(X3,X6))))),sin(X6))),X7),X7)))),X2),X8)),sin(X6)))
add(X8,div(div(sin(X7),mul(div(sin(mul(sub(cos(div(X7,X3)),div(div(sin(X8),X8),cos(div(mul(X7,add(div(X8,mul(X8,X5)),sub(sin(sin(X6)),X1))),sub(X7,add(add(X1,X6),X7)))))),sub(X7,add(add(mul(div(X3,sin(X8)),sub(X7,cos(X2))),X6),X3)))),X2),X8)),sin(X6)))
add(sub(X7,cos(X2)),div(div(sin(X7),mul(div(sin(cos(div(X8,X8))),X2),X3)),sin(X6)))
add(X7,div(div(sin(X7),mul(div(sin(cos(div(mul(sin(div(cos(div(mul(add(sin(X8),X4),add(X2,X8)),sin(X6))),sin(sin(X6)))),X6),X7))),X2),X7)),sin(X6)))
add(X7,div(div(sin(X7),mul(div(sin(cos(div(mul(sin(div(X8,X3)),X6),X7))),X2),X8)),sin(X6)))
add(X7,div(div(sin(X7),mul(div(sin(cos(div(mul(sin(div(mul(X6,sin(X3)),div(sub(X3,div(cos(cos(X8)),X8)),div(X8,X8)))),X8),X7))),X2),X8)),sin(X6)))
add(X7,div(div(sin(X7),mul(div(sin(mul(X8,X7)),X8),X8)),sin(X6)))
add(X6,div(div(sin(X7),mul(div(sin(X8),X6),X8)),sin(X7)))
add(X6,div(div(sin(X7),mul(div(sin(cos(div(mul(sin(div(mul(X4,X3),sub(X4,X2))),mul(X3,sin(X8))),X7))),X6),X8)),sin(X6)))
add(X8,div(div(sin(X7),mul(div(sin(cos(div(mul(div(div(mul(div(X3,mul(X8,X4)),mul(sub(mul(X4,X8),X4),sin(cos(X8)))),X2),mul(X8,X5)),div(div(sin(cos(div(X7,sin(cos(X4))))),mul(div(sin(mul(X4,X4)),X8),sin(div(X8,mul(X8,X5))))),sin(X3))),cos(X7)))),X2),X8)),sin(X6)))
add(X4,div(div(sin(X7),mul(div(sin(cos(div(mul(sin(div(sin(mul(X4,cos(X7))),X3)),sub(mul(X4,X8),div(sin(mul(sub(mul(X4,X8),X7),sin(X3))),mul(X6,X2)))),X4))),X2),X8)),sin(X6)))
add(X3,div(div(sin(X7),mul(div(sin(cos(div(mul(sin(div(sin(mul(add(sin(X8),X4),cos(cos(sin(X7))))),X7)),sub(mul(X4,X5),X8)),X7))),X2),X8)),X8))
add(X2,div(div(sin(X7),mul(div(sin(cos(div(mul(sin(div(sin(mul(add(sin(X8),X4),cos(cos(sin(X7))))),X7)),sub(mul(X4,X8),div(sin(X7),mul(X6,X8)))),X7))),X8),X8)),sin(X6)))
add(X8,div(div(sin(X7),mul(div(sin(cos(div(mul(sin(div(sin(mul(X2,sin(X7))),X8)),sub(mul(X4,X8),div(sin(X8),mul(X6,X8)))),X7))),X2),mul(sin(div(mul(sub(mul(X4,mul(X6,div(sin(X7),X6))),div(X6,mul(X3,X6))),sin(X3)),div(sub(X3,div(cos(cos(X8)),X7)),X8))),X6))),sin(X6)))
add(X8,div(div(sin(X7),mul(div(sin(cos(div(mul(sin(mul(X3,X5)),X8),mul(add(X5,div(X1,X6)),div(sin(cos(mul(div(mul(div(sin(X8),X8),X5),X8),sin(sin(X7))))),X8))))),X2),X8)),sin(X6)))
add(div(sin(cos(div(mul(mul(sin(cos(X7)),sin(X8)),X6),X7))),add(X8,X5)),div(div(sin(X7),mul(div(sin(cos(mul(X3,X7))),X7),X8)),sin(X6)))
add(cos(div(mul(sin(X7),X6),X7)),div(div(sin(X7),mul(div(sin(cos(div(mul(sin(div(sin(mul(add(sin(X8),X4),cos(X7))),X2)),sub(mul(X4,X7),div(X6,mul(X6,X8)))),X4))),X2),X8)),sin(X6)))
add(cos(X8),div(div(sin(X7),mul(div(sin(cos(div(mul(sin(sin(div(sin(mul(X4,cos(X7))),X5))),sub(mul(X4,X8),sin(X6))),X4))),X2),X8)),sin(X6)))
add(sin(X6),div(div(sin(X7),mul(div(sin(cos(div(X4,X8))),X2),X8)),sin(X6)))
add(mul(div(sin(cos(X8)),X5),X8),div(div(sin(X7),mul(div(sin(cos(div(mul(sin(div(mul(sub(X4,div(sin(X8),mul(X3,sin(mul(X3,X5))))),sin(X3)),div(X7,div(X3,mul(X4,X4))))),X6),X7))),X2),X8)),sin(X6)))
add(mul(div(cos(X2),X8),div(X8,sin(div(X8,X8)))),div(div(sin(X1),mul(div(sin(cos(div(mul(sin(div(sin(mul(X4,cos(X7))),X3)),sub(mul(X4,add(sub(div(X4,X7),X2),X4)),div(sin(X8),mul(X6,X8)))),X4))),X2),X8)),sin(X6)))
add(X8,X1)
add(X8,X3)
add(X8,X8)
add(mul(X6,sin(cos(X7))),div(div(sin(X7),mul(div(sin(cos(div(X4,X8))),X2),X8)),sin(X6)))
add(X8,div(div(sin(X7),mul(div(sin(cos(div(mul(sin(div(sin(mul(add(sin(X8),X4),cos(cos(sin(X7))))),X3)),sub(mul(X4,X8),div(sin(div(X8,mul(X8,X5))),mul(X6,X8)))),X7))),X2),X8)),div(sin(cos(div(mul(sin(add(add(sub(div(X4,X7),X5),X4),sub(X7,cos(X2)))),X6),X8))),X2)))
add(X8,add(X4,X6))
add(X8,div(div(div(div(sin(X7),mul(div(sin(cos(div(X7,X8))),X3),X8)),sin(X6)),mul(div(sin(cos(div(mul(sin(div(X2,div(sub(div(X8,X8),div(cos(cos(X8)),X8)),X2))),X6),X7))),X2),X8)),sin(X6)))
add(sub(cos(div(X7,sin(cos(X8)))),div(X3,cos(add(X4,cos(X6))))),div(div(sin(X7),mul(div(sin(cos(div(mul(sin(div(sin(X3),sin(sub(add(X8,add(X1,X6)),div(sin(div(sin(X6),sin(X6))),cos(X4)))))),mul(div(div(sin(X7),X6),mul(X4,X4)),sin(X6))),X7))),X2),X8)),sin(X6)))
add(X8,div(div(sin(X7),mul(div(sin(cos(div(mul(X8,div(X4,X8)),X8))),X2),add(sin(X8),div(div(sin(X7),mul(div(sin(cos(div(mul(X8,div(X8,div(sin(X3),X8))),X8))),X2),X8)),sin(X6))))),sin(X6)))
add(X8,div(div(sin(X7),mul(div(sin(cos(div(mul(mul(sin(div(mul(sub(mul(div(X3,mul(X4,X4)),X8),mul(X5,mul(mul(X3,X7),X1))),sin(X3)),div(sub(X3,div(cos(cos(X8)),X8)),X2))),X6),X6),X7))),X2),X8)),div(cos(cos(X8)),X8)))
add(X8,div(div(div(mul(X7,add(div(X8,mul(X8,X5)),X5)),sub(X7,add(add(X1,X6),X7))),mul(div(sin(cos(div(mul(sin(div(mul(sub(mul(X6,X8),div(sin(X8),mul(X3,X6))),sin(X3)),div(sub(X3,div(cos(cos(X8)),X8)),div(X3,mul(X4,X4))))),X6),X2))),X2),X8)),sin(X6)))
add(X8,div(div(sin(X7),mul(div(sin(cos(div(mul(sin(div(sin(mul(sin(X8),cos(X7))),sin(X6))),X7),X2))),X2),sin(div(sin(X8),sin(X6))))),sin(mul(div(sin(cos(div(mul(div(X2,X2),X8),X8))),X2),X8))))
add(X8,div(X2,sin(X6)))
add(div(X8,sin(X8)),div(div(sin(X7),mul(div(sin(cos(cos(div(mul(sin(div(sin(mul(sin(X7),sub(mul(X4,X8),div(sin(X8),mul(X3,X6))))),sin(X6))),X7),X8)))),X2),X8)),sin(X6)))
add(X8,div(div(X5,mul(div(sin(cos(div(mul(sin(div(mul(sub(mul(X6,X8),div(sin(X8),mul(X6,sin(X6)))),sin(X3)),div(sub(X3,div(cos(cos(X8)),X8)),div(X8,X8)))),X8),X7))),X2),X8)),sin(X6)))
add(X8,div(div(X4,mul(div(mul(div(sin(cos(div(sin(cos(sin(mul(add(sin(mul(X8,X4)),X3),cos(X7))))),X6))),X6),X8),X2),X8)),sin(X6)))
add(X8,div(div(mul(X4,X8),mul(sin(cos(sin(mul(sin(X3),add(cos(X7),X4))))),X8)),sin(X6)))
add(X8,div(div(X6,mul(div(sin(cos(div(mul(sin(div(mul(sub(mul(X6,X8),div(sin(X8),mul(X3,X6))),sin(X3)),div(sub(X3,div(cos(cos(X8)),X8)),div(X3,mul(X4,X4))))),X6),X2))),X2),X8)),sin(X6)))
add(X8,div(div(X7,mul(div(sin(cos(div(mul(sin(div(mul(sub(mul(X4,X8),div(sin(X8),mul(X3,X7))),sin(X3)),div(sub(X3,div(cos(cos(X8)),X8)),div(X3,sin(X7))))),X6),X7))),X2),X8)),sin(X6)))
add(X8,div(div(div(X1,cos(X6)),mul(div(sin(cos(div(mul(sin(div(sin(mul(add(sin(X8),X8),cos(X7))),sin(X6))),X6),sub(sin(X7),div(X3,cos(div(mul(sin(sin(sin(cos(X8)))),X3),X2))))))),X2),X8)),sin(X6)))
add(X8,div(div(sin(X7),mul(div(sin(cos(cos(div(mul(X6,X7),X7)))),mul(X4,X8)),X8)),sin(X6)))
add(X8,div(div(X7,mul(div(sin(cos(div(mul(sin(div(mul(sub(mul(X4,sin(X6)),div(sin(X8),mul(X3,X6))),sin(X3)),div(sub(X3,div(sin(X7),X8)),X2))),X6),X7))),X2),X8)),sin(X6)))
add(X8,div(div(mul(sin(div(sin(X3),sin(sub(add(X8,add(X1,X6)),div(X6,cos(X4)))))),mul(div(X3,mul(X4,X4)),X6)),mul(div(sin(cos(div(mul(div(cos(X2),X8),div(X8,sin(div(X8,X2)))),X8))),X2),X8)),sin(mul(div(cos(mul(sin(div(X6,cos(X2))),X3)),X7),sin(sin(cos(mul(X8,X7))))))))
add(X8,div(div(sin(X7),mul(div(X3,mul(X4,X4)),sin(X2))),sin(X6)))
add(X8,div(div(X7,mul(div(sin(cos(div(cos(div(mul(sin(div(sin(X8),sin(X6))),X7),X7)),X4))),X2),X8)),sin(mul(sin(cos(X7)),sin(X8)))))
add(X8,div(div(sin(X7),mul(div(sin(cos(div(X2,X6))),X2),mul(div(sin(cos(div(mul(sin(div(sin(X3),sin(X8))),mul(X8,sin(mul(add(sin(X8),X4),cos(X7))))),X8))),X6),X8))),sin(X6)))
add(X8,div(div(sin(X7),mul(div(sin(cos(div(mul(sin(div(mul(sub(mul(X4,X8),div(sin(X8),mul(X6,sin(X6)))),sin(X3)),div(sub(X3,div(cos(cos(X8)),X8)),div(X8,X8)))),X8),X7))),X2),sin(X8))),sin(X6)))
add(X8,div(div(div(sin(X7),mul(div(sin(cos(div(mul(sin(div(mul(sub(mul(X4,X8),div(sin(X8),mul(X3,X6))),sin(X1)),div(sub(X3,div(cos(cos(X8)),X8)),X2))),X5),X7))),X2),X8)),mul(div(sin(cos(div(mul(sin(add(add(sub(div(X4,X7),X5),X4),sub(X7,cos(X2)))),X6),X8))),mul(sin(X7),sub(mul(X4,X8),div(cos(X8),mul(X3,X6))))),X8)),sin(X6)))
add(X8,div(div(sin(X7),mul(div(div(sin(X3),X8),X2),X2)),sin(X6)))
add(X8,div(div(sin(X7),sin(div(sin(mul(X7,X2)),X3))),sin(X6)))
add(X8,div(div(sin(X7),mul(div(div(mul(sin(div(sin(X7),div(sin(X8),X8))),sin(cos(sin(X6)))),X7),X2),X8)),sin(X6)))
add(X8,div(mul(sub(mul(X4,X8),X7),sin(X3)),div(sub(X3,div(cos(cos(X8)),X8)),div(X3,sin(X8)))))
add(X8,div(div(sin(X7),mul(div(sin(cos(div(X2,X8))),X6),X7)),sin(mul(div(div(sin(X7),X6),mul(X4,X4)),sin(X6)))))
add(X8,div(div(sin(X7),mul(div(sin(cos(div(mul(sin(div(cos(div(mul(X7,add(mul(sin(X6),X6),X8)),sin(X6))),sin(X6))),X6),X7))),X2),div(div(sin(cos(sin(mul(add(sin(div(sin(X6),sin(X6))),X4),cos(X7))))),X2),X7))),sin(X6)))
